Nome,Universidade,Campus,Cidade,Email,Site,Eixo,Temática,Ano de criação,Instagram,Facebook,Twitter,YouTube,Contato1,Estado,Site na instituição
PET Bacharelado em Ciência da Computação,Universidade Federal de São Carlos,Campus São Carlos,São Carlos ,petbcc@ufscar.br,petbcc.ufscar.br,Ciências Exatas e da Terra,Desenvolvimento de Software,2009,https://instagram.com/petbcc.ufscar,https://fb.com/petbcc,https://twitter.com/petbcc,https://www.youtube.com/channel/UCyoSac6aP0aGWMDw0XnsnqA,https://www.linkedin.com/company/pet-bcc-ufscar, SP,
PET Tecnologias em Saúde,Universidade Federal de São Paulo,Campus São Paulo,São Paulo ,pet.tecnologias@unifesp.br,pet-tecnologias.blogspot.com/,Interdisciplinar,Estudo das Ciências Exatas aplicadas ao corpo humano,2013,https://instagram.com/pettecnologias,https://www.facebook.com/PET.Tecnologias,,https://www.youtube.com/channel/UCQAbQRCOE0YglOpV4e2hlqQ,, SP,www.unifesp.br/reitoria/prograd/programas-institucionais/pet
PET Conexões de Saberes Serviço Social,Universidade Federal de Alagoas,Campus A. C. Simões,Maceió ,petssoufal@gmail.com,petssoufal.wixsite.com/petssoufal,Ciências Sociais Aplicadas,Política Nacional de Assistência Social (PNAS),2010,https://instagram.com/petssoufal,,,,http://linktr.ee/petssoufal, AL,ufal.br/estudante/graduacao/programas/educacao-tutorial-pet/pet-servico-social
PET ProdBio,Universidade Federal do Espírito Santo,Campus São Mateus,São Mateus ,petprodbio@gmail.com,petprodbio.saomateus.ufes.br/,Interdisciplinar,Pesca,2013,https://instagram.com/petprodbio,https://www.facebook.com/PETProdBio/,,https://www.youtube.com/channel/UC3T_Aw60h1Dp0qopqIGZG9Q,https://petprodbio.wixsite.com/petinforma, ES,www.prograd.ufes.br/programa-de-educacao-tutorial-pet
GET Engenharia Ambiental e Sanitária,Universidade Federal de Juiz de Fora,Campus Juiz de Fora,Juiz de Fora ,get.esa@engenharia.ufjf.br,,Engenharias,,2011,https://instagram.com/get_esa,https://www.facebook.com/getesaufjf,,https://www.youtube.com/channel/UCl2TzKviGXBZpo1Zk4-Hc0Q,https://www.linkedin.com/in/get-esa-ufjf-4011161b6/, MG,
PET Matemática,Universidade Federal de Uberlândia,Campus Pontal,Ituiutaba ,petmatpontal@gmail.com,www.petmat.facip.ufu.br/,Ciências Exatas e da Terra,,2010,https://instagram.com/petmatpontal,https://www.facebook.com/PETMatematicaPontalUFU,,https://www.youtube.com/channel/UC9eA-ceJzvRnibs1eCzoYjA,, MG,
PET Arquitetura e Urbanismo,Pontifícia Universidade Católica de Campinas,Campus I,Campinas ,arquiteturapet@gmail.com,arquiteturapet.wixsite.com/petarquiteturapucc,Ciências Sociais Aplicadas,,1992,https://instagram.com/petarquiteturapucc,https://www.facebook.com/petarquiteturapucc,,,https://linktr.ee/PET_ARQUITETURA_E_URBANISMO, SP,
GET Telecom,Universidade Federal de Uberlândia,Campus Santa Mônica,Uberlândia ,petelecomufu@gmail.com,petelecom.github.io/petelecom/,Engenharias,,2020,https://instagram.com/petelecom_ufu,,,https://www.youtube.com/c/PETTelecomUFU/featured,, MG,
PET Fisioterapia,Universidade Federal de Alfenas,Campus Alfenas,Alfenas ,petfisiounifal@gmail.com,,Ciências da Saúde,,2010,https://instagram.com/petfisiounifal,https://www.facebook.com/PetFisioterapiaUnifal/,,https://www.youtube.com/channel/UCWlwHpvP-ASAk9HKHqz5W-A,, MG,www.unifal-mg.edu.br/petfisioterapia/
PET Biologia,Universidade Federal de Viçosa,Campus Viçosa,Viçosa ,petbio@ufv.br,petbioufv.blogspot.com/,Ciências Biológicas,,1985,https://instagram.com/petbiologiaufv,https://pt-br.facebook.com/PET-Biologia-UFV-325757977459425/,,https://www.youtube.com/channel/UCxmX5MDaELEqZJzGARzlMxw/featured,, MG,www.petbio.ufv.br/
PET Conexões de Saberes - Penedo,Universidade Federal de Alagoas,Campus Arapiraca,Arapiraca ,petcspenedo@gmail.com,petcspenedo.wixsite.com/petcspenedoufal,Interdisciplinar,,2010,https://instagram.com/petcspenedoufal,https://www.facebook.com/petcspenedoufal,https://twitter.com/petcspenedoufal,https://youtube.com/c/PETConexoesdeSaberesPenedoUFAL,, AL,ufal.br/estudante/graduacao/programas/educação-tutorial-pet/pet-penedo
PET Ciências Biológicas,Universidade Estadual Paulista Júlio de Mesquita Filho,Campus São José do Rio Preto,São José do Rio Preto ,petbiologiaibilce@gmail.com,petbiologiaibilce.wixsite.com/petbio,Ciências Biológicas,,1994,https://instagram.com/petbiologiaunesp,https://www.facebook.com/petbiologiaunespibilce,,https://www.youtube.com/channel/UCKb85nDFp9nSliIsdvsizoQ,, SP,www.ibilce.unesp.br/#!/graduacao/cursos/ciencias-biologicas/pet-biologia/
PET Ciência e Tecnologia,Universidade Federal de Alagoas,Campus A. C. Simões,Maceió ,petct.ufal@gmail.com,www.google.com/url?sa=t&source=web&rct=j&url=http://pet.ufal.br/cet/&ved=2ahUKEwi7xPPtsdPsAhXHGbkGHWPADroQFjAAegQIAhAB&usg=AOvVaw3C0xFUwTxke425Qmjh9mLM,Interdisciplinar,Programa de Apoio aos Estudantes das Escolas Públicas do Estado,2010,https://instagram.com/petct.ufal,,,https://www.youtube.com/channel/UCUbsomXy64w4CJ_kQMc-L7g,, AL,pet.ufal.br/cet/
PET Ações das Engenharias,Universidade Federal de Alagoas,Campus Sertão,Sertão ,pet.engenharias@gmail.com,pet.ufal.br/engenharias/,Engenharias,,2010,https://instagram.com/pet.engenharias,https://www.facebook.com/petengenharias,,https://www.youtube.com/user/PETEngenhariasUFAL,https://www.linkedin.com/company/petengenharias/, AL,
PET Letras,Fundação Universidade Federal do Pampa,Campus Bagé,Bagé ,pet.letrasbage@gmail.com,,"Linguística, Letras e Arte",,2010,https://instagram.com/pet.letrasbage,https://www.facebook.com/pet.letras2bage/,,https://www.youtube.com/channel/UCTM6uHyqJEjM5uIEQO8C3VA,https://linktr.ee/pet.letrasbage, RS,sites.unipampa.edu.br/petletrasbage/o-pet-letras/
PET Matemática,Universidade Estadual Paulista Júlio de Mesquita Filho,Campus São José do Rio Preto,São José do Rio Preto ,petmatibilce@gmail.com,,Ciências Exatas e da Terra,,1988,https://instagram.com/petmatibilce,https://www.facebook.com/petmatematicaibilce,,https://www.youtube.com/channel/UC1-c81KSiCxji4tTNNqZoeQ,, SP,www.ibilce.unesp.br/#!/departamentos/matematica/pet/apresentacao/
PET Agronomia,Universidade Federal do Recôncavo da Bahia,Campus Cruz das Almas,Cruz das Almas ,petagronomiaufrb@gmail.com,www2.ufrb.edu.br/petagronomia/,Ciências Agrárias,,1988,https://instagram.com/petagronomiaufrb_oficial,,,,http://linktr.ee/petagronomiaufrb_oficial, BA,www2.ufrb.edu.br/pet/o-pet
PET Engenharia Civil,Universidade Tecnológica Federal do Paraná,Campus Campo Mourão,Campo Mourão ,pet.civil.cm@gmail.com,www.petcivil.com.br/,Engenharias,,2010,https://instagram.com/petcivilutfpr,https://www.facebook.com/petcivilutfprcm,,http://www.youtube.com/c/PETCivilUTFPRCM,, PR,
PET Engenharia Elétrica,Universidade Federal de Itajubá,Campus Prof. José Rodrigues Seabra,Itaubá ,peteletricaunifei@gmail.com,peteletricaunifei.blogspot.com/,Engenharias,Engenharias Elétrica e Eletrônica,1992,https://instagram.com/peteletricaunifei,https://www.facebook.com/peteletricaunifei/,,https://www.youtube.com/channel/UC5Fy4NlGFrNFvTqVKUNhrag/featured?view_as=subscriber,https://www.linkedin.com/company/pet-el%C3%A9trica-unifei, MG,unifei.edu.br/prg/pet/
GET Engenharia Computacional,Universidade Federal de Juiz de Fora,Campus Juiz de Fora,Juiz de Fora ,get.engcomputacional@engenharia.ufjf.br,www.ufjf.br/get_engcomp/,Interdisciplinar,,2010,https://instagram.com/get.engcomp,,,https://www.youtube.com/channel/UCzgvhQpo6-WMS4CMP8qlhjQ,, MG,www2.ufjf.br/estudante/pet-e-get/
PET Engenharia de Alimentos,Universidade Estadual de Ponta Grossa,Campus Ponta Grossa,Ponta Grossa ,engalimentos.pet@gmail.com,,Ciências Agrárias,,2010,https://instagram.com/petengalimentos,https://www.facebook.com/petengalimuepg,,,, PR,
PET Química Ambiental,Universidade Estadual Paulista Júlio de Mesquita Filho,Campus São José do Rio Preto,São José do Rio Preto ,petqaibilce@gmail.com,petqaibilce.wixsite.com/home,Ciências Exatas e da Terra,"Pesquisa, ensino e extensão dentro da área de Química e Ciências Ambientais",2010,https://instagram.com/petqaibilce,https://www.facebook.com/petqaibilce,,https://www.youtube.com/channel/UCr-dqTVpqc4K5sH5-HbAZCA,, SP,www.ibilce.unesp.br/#!/graduacao/grupos-pets/
PET Ciência da Computação,Universidade Estadual do Oeste do Paraná,Campus Cascavel,Cascavel ,petcomp.cascavel@gmail.com,www.inf.unioeste.br/petcomp/,Ciências Exatas e da Terra,,2010,https://instagram.com/petcomp_unioeste,https://www.facebook.com/petcomp,,https://www.youtube.com/channel/UC7c6zwLrLbuqVa4sjUn20Jg,, PR,
PET Produção Leiteira,Universidade Tecnológica Federal do Paraná,Campus Dois Vizinhos,Dois Vizinhos ,petleite-dv@utfpr.edu.br,,Ciências Agrárias,Bovinocultura de Leite,2011,https://instagram.com/@petproducaoleiteira,https://www.facebook.com/utfpr.petproducaoleiteira,,https://www.youtube.com/channel/UCK_U3AM-JSIhyhX6KUxCaCA,, PR,
PET Economia,Universidade Estadual do Sudoeste da Bahia,Campus Vitória da Conquista,Vitória da Conquista ,peteconomia@uesb.edu.br,,Ciências Sociais Aplicadas,,2010,https://instagram.com/@peteconomiauesb,,,https://www.youtube.com/channel/UC1uC-736mLRDhptwX8YUovw,, BA,
PET Conexões de Saberes Estatísticos,Universidade Federal do Rio Grande,Campus Carreiros,Carreiros ,petsabest@gmail.com,petsabest.furg.br,Interdisciplinar,Educação Estatística,2010,https://instagram.com/@petsabest,https://www.facebook.com/PETSabEst.FURG,,,, RS,
PET Educação Física,Universidade Estadual de Londrina,Campus Londrina,Londrina ,petedfuel@gmail.com,petef.webs.com/apresentao.htm,Ciências da Saúde,,2010,https://instagram.com/petef.uel,,,https://www.youtube.com/channel/UCLyyhEiJLnIaXKngFnYNVWA,, PR,
PET Geografia,Fundação Universidade do Estado de Santa Catarina,Campus Florianópolis,Florianópolis ,petgeoudescdrive@gmail.com,udesc.br/faed/petgeo,Ciências Humanas,,1994,https://instagram.com/petgeoudesc,https://cenapet.org/grupos/30/facebook.com/petgeoudesc,,https://cenapet.org/grupos/30/youtube.com/PETGeoTube,, SC,udesc.br/servicos/pets
PET Bio Pontal,Universidade Federal de Uberlândia,Campus Pontal,Ituiutaba ,petbiopontal@hotmail.com,petbiopontal.wixsite.com/petbio/,Ciências Biológicas,,2009,https://instagram.com/petbiopontal,https://www.facebook.com/petbiopontal,,,, MG,www.icenp.ufu.br/graduacao/ciencias-biologicas/saiba-mais/pet
PET Zootecnia,Universidade de São Paulo,Campus Pirassununga,Pirassununga ,petzootecnia@usp.br,petzoofzea.com.br/,Ciências Agrárias,,1994,https://instagram.com/@petzoousp,https://www.facebook.com/PET.ZOOTECNIA.USP/,,https://www.youtube.com/channel/UC2H61cQSH_82dgnrrqghmSg,https://www.linkedin.com/company/pet-zootecnia-fzea-usp/, SP,
PET Engenharia Biomédica,Universidade Federal de Uberlândia,Campus Santa Mônica,Uberlândia ,pet.engenhariabiomedica.ufu@gmail.com,petengenhariabiomedica.com/,Engenharias,,2010,https://instagram.com/petengenhariabiomedica,https://www.facebook.com/PetEngenhariaBiomedicaUfu,,https://www.youtube.com/channel/UCGI5CoLikr9Bnm5S7h14y8Q,, MG,
PET Biologia,Universidade Federal do Amazonas,Campus Manaus,Manaus ,petbiologiaufam@ufam.edu.br,pet-biologiaufam.wixsite.com/home,Ciências Biológicas,,1992,https://instagram.com/petbiologiaufam,https://web.facebook.com/petbiologiaufam/?view_public_for=237110539786459,,https://www.youtube.com/channel/UCP65m75m0zgtyFOyYhtKDVA,https://www.tiktok.com/@petbiologiaufam?_d=db7b2i7317e880&language=pt&sec_uid=MS4wLjABAAAASdswVoHCiAYgas8IQCkYMQs0ZF2vuI_jbHJ62ElvFPKbgQPA5ZluLc5ekzWrYNoF&share_author_id=6800655467677778950&u_code=db7al1gmckjg7d&timestamp=1595275955&user_id=6800655467677778950&utm_source=copy&utm_campaign=client_share&utm_medium=android&share_app_name=musically&share_iid=6849197674659661574&source=h5_m, AM,
PET Educação Física,Universidade Federal do Rio Grande do Sul,Campus Centro,Porto Alegre ,petefi.ufrgs@gmail.com,,Ciências da Saúde,,1989,https://instagram.com/petefiufrgs,https://cenapet.org/grupos/35/facebook.com/PETEFIUFRGS,,https://www.youtube.com/channel/UCiMyTfAGeTEc62XwT1IFRtQ,, RS,ufrgs.br/petefi
PET Engenharia Elétrica,Universidade Federal de Mato Grosso,Campus Cuiabá,Cuiabá ,peteneufmt@gmail.com,www.peteletricaufmt.com/,Engenharias,,2010,https://instagram.com/peteletricaufmt,,,https://www.youtube.com/channel/UCFC9PwjAA63tp0SX2uOsPYA,, MT,www.ufmt.br/pro-reitoria/proeg/pagina/coordenacao-de-formacao-docentecfd/1432
PET Matemática,Universidade Estadual de Londrina,Campus Londrina,Londrina ,petmat@uel.br,,Ciências Exatas e da Terra,,2006,https://instagram.com/petmat.uel,https://www.facebook.com/PET.Mat.Uel,,https://www.youtube.com/channel/UCdjOAtGddMNIECJAl3Nb1rA,, PR,www.uel.br/programas/petmat/
PET Práticas Integradas em Saúde Coletiva,Fundação Universidade Federal do Pampa,Campus Uruguaiana,Uruguaiana ,petpiscunipampa2020@gmail.com,,Ciências da Saúde,Saúde Coletiva,2010,https://instagram.com/petpisc,https://www.facebook.com/petpisc,,https://www.youtube.com/channel/UCqf1ii5EUQHSwNS_4npdglg,, RS,sites.unipampa.edu.br/petpisc/
PET Engenharias,Universidade Estadual de Feira de Santana,Campus Feira de Santana,Feira de Santana ,petengsuefs@gmail.com,sites.google.com/view/petengsuefs/p%C3%A1gina-inicial,Interdisciplinar,,2010,https://instagram.com/pet.engs.uefs,https://www.facebook.com/petengsuefs,,https://www.youtube.com/channel/UCrhztdfvYLQhBmyledhjjmg,, BA,www.ecomp.uefs.br/public_html/pet.php
PET Conexões Administração,Universidade Federal do Espírito Santo,Campus Goiabeiras,Vitória ,petadmufes@gmail.com,,Ciências Sociais Aplicadas,,2013,https://instagram.com/petadmufes,,,https://www.youtube.com/channel/UCxq1zAlDIQVt90sJ-JBNprA,, ES,petadm.ufes.br/
PET de Engenharia Civil,Universidade Federal do Ceará,Campus Pici,Fortaleza ,bertini@ufc.br,petcivil.ufc.br/portal/,Engenharias,,1992,https://instagram.com/petcivil,https://web.facebook.com/ufcpetcivil/?_rdc=1&_rdr,,https://www.youtube.com/channel/UCV-Xoyz5XoVxfYXXVJqrrhg,https://br.linkedin.com/company/petcivilufc, CE,
PET Conexões Licenciaturas,Universidade Federal do Espírito Santo,Campus Goiabeiras,Vitória ,petlicufes@gmail.com,,Interdisciplinar,Docência,2010,https://instagram.com/petlicufes,https://www.facebook.com/petlicufes,https://twitter.com/petlic_ufes,https://www.youtube.com/channel/UCUnudVOLbn3KmqIj3XYNyBA,, ES,prograd.ufes.br/programa-de-educacao-tutorial-pet
PET Biologia,Universidade Federal do Ceará,Campus Pici,Fortaleza ,petbiologiaufc@gmail.com,,Ciências Biológicas,,1992,https://instagram.com/petbiologiaufc,https://www.facebook.com/petbiologiaufc/,,https://www.youtube.com/user/petbiologiaufc/featured,, CE,prograd.ufc.br/pt/bolsas/bolsas-do-pet-sesu-programa-de-educacao-tutorial-secretaria-de-educacao-superior/
PET Biomedicina,Escola Bahiana de Medicina e Saúde Pública,Campus Cabula,Cabula ,pet-biomedicina@googlegroups.com,,Ciências da Saúde,,2010,https://instagram.com/petbiomed,https://www.facebook.com/petbiomedicinaebmsp,,,, BA,
PET Engenharia Mecânica,Universidade Federal do Ceará,Campus Pici,Fortaleza ,petmec@ufc.br,blogbempessoal.wordpress.com,Engenharias,,1994,https://instagram.com/petmecufc,https://www.facebook.com/PETEngenhariaMecanicaUFC,,https://www.youtube.com/channel/UChhz-YprztOkeHcrW8dKl1w,https://anchor.fm/pet-mecnica-ufc, CE,
PET Agricultura Familiar,Universidade Tecnológica Federal do Paraná,Campus Dois Vizinhos,Dois Vizinhos ,petafdv@gmail.com,www.petagriculturafamiliar.com,Ciências Agrárias,,2010,https://instagram.com/petafdv,https://www.facebook.com/petagriculturafamiliar,,https://www.youtube.com/channel/UCGINzDk3Sb2x4sTrYiYw0YA,, PR,
PET Direitos,Universidade de São Paulo,Campus Ribeirão Preto,Ribeirão Preto ,pet_direitos@usp.br,,Ciências Sociais Aplicadas,,2012,https://instagram.com/petdireitos,https://www.facebook.com/PETDireitos,,https://www.youtube.com/channel/UCwByZCTCCnylC07JbNed4Fg,, SP,
PET Interdisciplinar Conexões de Saberes,Universidade Federal do Pará,Campus Belém,Belém ,petconexoesdesaberesufpa@gmail.com,,Interdisciplinar,,2010,,https://facebook.com/petinterdisciplinar,,,, PA,
PET Medicina Veterinária,Universidade Estadual Paulista Júlio de Mesquita Filho,Campus Botucatu,Botucatu ,grupopet.fmvz@gmail.com,,Ciências Agrárias,,1995,https://instagram.com/petveterinaria_btu,https://www.facebook.com/petfmvzbotucatu/,,https://www.youtube.com/channel/UCbS16iDOq4ZrQg5RCMeDJlA/featured,, SP,www.fmvz.unesp.br/#!/ensino/extensao/pet
PET Agronomia,Universidade Federal do Ceará,Campus Pici,Fortaleza ,petagronomia@ufc.br,,Ciências Agrárias,,1992,https://instagram.com/petagronomiaufc/,https://www.facebook.com/petagronomiaufc/,,,, CE,www.petagronomia.ufc.br
PET Engenharia Civil,Universidade Federal do Rio Grande do Sul,Campus Centro,Porto Alegre ,petcivil@ufrgs.br,,Engenharias,,1992,https://instagram.com/petcivilufrgs,https://www.facebook.com/ufrgs.petcivil,https://twitter.com/petcivilufrgs,https://www.youtube.com/user/petcivilufrgs,https://www.linkedin.com/company/petcivilufrgs, RS,www.ufrgs.br/petcivil/
PET Humanidades e Letras,Universidade da Integração Internacional da Lusofonia Afro-brasileira,Campus Auroras,Auroras ,pethl@unilab.edu.br,www.pethl.unilab.edu.br/,Interdisciplinar,Práticas interdisciplinares focadas na tríade ensino-pesquisa-extensão.,2013,https://instagram.com/pethldaunilab,,,,, CE,
PET Engenharia de Alimentos,Fundação Universidade Federal da Grande Dourados,Campus Unidade II,Dourados ,petalimentos.ufgd@gmail.com,petalimentosufgd.blogspot.com/,Engenharias,,2010,https://instagram.com/peteng.alimentos,https://www.facebook.com/petalimentos.ufgd,,,, MS,portal.ufgd.edu.br/programas/pet/index
PET Geografia,Universidade Federal Fluminense,Campus Praia Vermelha,Niterói ,petgeo.uff@gmail.com,,Ciências Humanas,,1996,https://instagram.com/petgeografiauff,https://www.facebook.com/petgeografiauff,,https://www.youtube.com/channel/UCPIFK2IGs_jcViQnXbkmOdQ,https://linktr.ee/petgeografiauff, RJ,
PET Letras,Fundação Universidade Federal da Grande Dourados,Campus Unidade II,Dourados ,petletras.ufgd@ufgd.edu.br,petletrasufgd.wordpress.com/,"Linguística, Letras e Arte",,2010,https://instagram.com/petletrasufgd,,https://twitter.com/pet_letrasufgd,,https://cutt.ly/petletrasufgd, MS,portal.ufgd.edu.br/programas/pet/index
PET Engenharias,Fundação Universidade Federal do Pampa,Campus Bagé,Bagé ,petengenharias.unipampa@gmail.com,sites.unipampa.edu.br/petengenharias/,Engenharias,Interdisciplinar,2012,https://instagram.com/petengenharias.unipampa,https://www.facebook.com/PETEngenhariasBG/,,https://www.youtube.com/channel/UC-1WGgm8C7-X12KvOBTclXQ,https://www.linkedin.com/company/pet-engenharias, RS,
PET Engenharia Florestal,Universidade Federal de Mato Grosso,Campus Cuiabá,Cuiabá ,petengenhariaflorestalufmt@gmail.com,www.petengenhariaflorestal.com.br/,Ciências Agrárias,,1981,https://instagram.com/petfloresta.ufmt,https://www.facebook.com/petfloresta.ufmt,,https://www.youtube.com/channel/UClnWHbJltXHkeBME7IifL5Q,, MT,
PET Cidade Saúde e Justiça,Universidade Federal do Piauí,Campus Picos,Picos ,petcsj@gmail.com,,Interdisciplinar,,2010,https://instagram.com/pet.ufpipicos,,,https://www.youtube.com/channel/UCvGP4hAMyOB_3qKFbvxOlbQ?view_as=subscriber,, PI,www.ufpi.br/pet
PET Conexões de Saberes Socioambientais,Universidade Federal do Recôncavo da Bahia,Campus Cruz das Almas,Cruz das Almas ,petsocioambientais@ccaab.ufrb.edu.br,www2.ufrb.edu.br/petsocioambientais/,Interdisciplinar,Socioambiental,2010,https://instagram.com/pet_socioambientais.ufrb,https://www.facebook.com/petrocaufrb,https://twitter.com/@,https://www.youtube.com/channel/UC7d8HxwhOT889yx0Di969Vw,, BA,www2.ufrb.edu.br/petsocioambientais/
PET Biologia,Universidade Federal de São Carlos,Campus São Carlos,São Carlos ,pet.bio.ufscar@ufscar.br,www.petbioufscar.com/,Ciências Biológicas,,1968,https://instagram.com/petbiologia.ufscar,https://www.facebook.com/petbioufscar,,https://www.youtube.com/channel/UCi-aqFNfx_mMv12-c6sOy8Q,, SP,
PET Biologia,Universidade Regional de Blumenau,Campus Blumenau,Blumenau ,petbiofurb@gmail.com,petbiofurb.blogspot.com/,Ciências Biológicas,,1996,https://instagram.com/petbiofurb,,,https://www.youtube.com/user/PETBioFURB,, SC,
PET História,Universidade Federal do Paraná,Campus Rebouças,Curitiba ,memoria.pet.historia@gmail.com,pethistoriaufpr.wordpress.com/,Ciências Humanas,,1992,https://instagram.com/pethistoria.ufpr,https://www.facebook.com/PetHistoriaUfpr,,https://www.youtube.com/channel/UCxUEx7dobCVQkYeSrFZgVZQ,, PR,
PET Nutrição,Universidade Federal da Bahia,Campus Canela,Salvador ,petnutufba@gmail.com,www.petnut.nut.ufba.br/,Ciências da Saúde,,2010,https://instagram.com/%20petnutufba,https://www.facebook.com/PET-Nutri%C3%A7%C3%A3o-UFBA-120289898099265,,https://www.youtube.com/channel/UCmzHZmBQZKcDQiPh-ncf3Lg,, BA,www.petnut.nut.ufba.br/
PET Engenharia Civil,Universidade Federal do Paraná,Campus Centro Politécnico,Curitiba ,petcivilufpr@gmail.com,petcivil.blogspot.com/,Engenharias,,1983,https://instagram.com/petcivilufpr,https://www.facebook.com/petcivil,,https://www.youtube.com/user/PETCivilUFPR,, PR,
PET Engenharia Química,Universidade Estadual de Campinas,Campus Campinas,Campinas ,petfeq@unicamp.br,sites.google.com/unicamp.br/petequnicamp/,Engenharias,,2011,https://instagram.com/petequnicamp,,,https://www.youtube.com/channel/UCPoYJc4g9JuSKpuAYHoH37w,https://www.linkedin.com/company/pet-eq-unicamp/, SP,
PET Educação,Universidade Federal de Viçosa,Campus Viçosa,Viçosa ,peteducacao@ufv.br,www.petedu.ufv.br/,Ciências Humanas,,2010,https://instagram.com/peteduufv,https://cenapet.org/grupos/66/PET%20Educa%C3%A7%C3%A3o%20UFV,,https://cenapet.org/grupos/66/PET%20EDU%20UFV:%20https://www.youtube.com/channel/UCpa0PmfTMiYEofv2b4sfYSA,, MG,
PET Engenharia Elétrica,Universidade Federal do Ceará,Campus Pici,Fortaleza ,pet@dee.ufc.br,www.peteletrica.ufc.br,Engenharias,,1983,https://instagram.com/peteletricaufc,https://www.facebook.com/PetEletricaUfc,,https://www.youtube.com/channel/UCa7ECEIszocpWAeUUHPtZWg,, CE,
PET Administração,Universidade Federal do Amazonas,Campus Manaus,Manaus ,petadmufam0@gmail.com,petadmufam.com.br,Ciências Sociais Aplicadas,,1989,https://instagram.com/petadmufam,https://www.facebook.com/petadmufam/,,,, AM,ufam.edu.br/ultimas-noticias/1718-programa-de-educacao-tutorial-pet-do-curso-de-administracao-divulga-atividades-online-para-o-mes-de-agosto.html
PET Medicina,Universidade Federal do Amazonas,Campus Manaus,Manaus ,petufammedicina@gmail.com,,Ciências da Saúde,,1994,https://instagram.com/petmedicinaufam,,,,, AM,
PET AgroEnergia,Universidade Federal Rural de Pernambuco,Campus Dois Irmãos,Recife ,petagroenergia@ufrpe.br,petagroenergi2.wixsite.com/pet-agroenergia,Ciências Agrárias,Inovação tecnológica,2012,https://instagram.com/petagroenergia,https://www.facebook.com/petagroenergia.ufrpe,https://twitter.com/petagroenergia,https://www.youtube.com/channel/UCuMZVkHYad8jwtEztNqzKrQ,https://www.linkedin.com/in/pet-agroenergia-4937b6145/, PE,
PET Comunicação Social,Universidade Federal do Amazonas,Campus Manaus,Manaus ,petcomufam@hotmail.com,medium.com/petcomufam/about,Ciências Sociais Aplicadas,,1988,https://instagram.com/petcomufam,https://www.facebook.com/petcomufam,https://twitter.com/petcomufam,https://www.youtube.com/user/petcomufam,, AM,medium.com/petcomufam/about
PET Engenharia de Controle e Automação,Centro Federal de Educação Tecnológica de Minas Gerais,Campus Leopoldina,Leopoldina ,petencaut2011@gmail.com,,Engenharias,Desenvolvimento de ferramental para a área de controle e automação,2010,https://instagram.com/petencaut,,,https://youtube.com/user/Petencaut,https://www.linkedin.com/mwlite/company/petencaut, MG,www.petencaut.cefetmg.br/
PET Geografia,Fundação Universidade Federal da Grande Dourados,Campus Unidade II,Dourados ,petgeoufgd@gmail.com,petgeoufgd.blogspot.com/,Ciências Humanas,,2008,https://instagram.com/petgeografiaufgd,https://www.facebook.com/PetGeografiaUFGD/,,https://www.youtube.com/channel/UChjuKren2gsD1NmEUS8KlUQ,, MS,
PET Química,Universidade Federal de Alagoas,Campus Arapiraca,Arapiraca ,ufal.pet.quimica@gmail.com,petquimicaufal.wixsite.com/petquimica,Ciências Exatas e da Terra,,2010,https://instagram.com/petquimicaufal,https://facebook.com/petquimicaufal,,,, AL,ufal.br/estudante/graduacao/programas/educacao-tutorial-pet/pet-quimica
PET Arquitetura,Universidade Federal de Alagoas,Campus A. C. Simões,Maceió ,petarqufal@gmail.com,petarqufal.wixsite.com/petarq,Ciências Sociais Aplicadas,,1995,https://instagram.com/petarqufal,https://www.facebook.com/petarqufal/,https://twitter.com/petarqufal,https://www.youtube.com/channel/UCYyQMtfgdr49mnu2_MSYpSQ,https://linktr.ee/petarqufal, AL,pet.ufal.br/petarq
PET Matemática,Universidade Federal de Santa Maria,Campus Santa Maria,Santa Maria ,pet.matematica@ufsm.br,,Ciências Exatas e da Terra,,1992,https://instagram.com/petmatematicaufsm,https://www.facebook.com/petmatematicaufsm,,https://www.youtube.com/channel/UCbybdrX0tWjkQMHE3QP2JOg,, RS,www.ufsm.br/pet/matematica/
PET Engenharia Civil,Universidade Federal de Alagoas,Campus A. C. Simões,Maceió ,petengcv@gmail.com,www.petcivilufal.com/,Engenharias,,1988,https://instagram.com/petcivilufal,https://www.facebook.com/petcvufal,,https://www.youtube.com/PETCivilUFAL,, AL,ufal.br/estudante/graduacao/programas/educacao-tutorial-pet/pet-engenharia-civil
PET EEL UFSC,Universidade Federal de Santa Catarina,Campus Florianópolis,Florianópolis ,peteel@gmail.com,www.peteel.ufsc.br/,Engenharias,,1991,https://instagram.com/peteelufsc,https://www.facebook.com/peteelufsc/,,https://www.youtube.com/user/PETEELchannel,https://br.linkedin.com/company/pet-eel, SC,
PET Engenharias da Mobilidade,Universidade Federal de Santa Catarina,Campus Joinville,Joinville ,petemb.ufsc@gmail.com,petemb.ufsc.br/,Engenharias,,2010,https://instagram.com/petembufsc,https://www.facebook.com/petembufsc,,https://www.youtube.com/channel/UCq6kdbBkf0RAGTuSzhMk_Vg/featured,https://www.linkedin.com/company/pet-emb/about/, SC,petemb.ufsc.br/
PET Conexões de Saberes - Licenciaturas e Serviço Social,Universidade Federal do Triângulo Mineiro,Campus Uberaba,Uberaba ,petcscsn@gmail.com,,Interdisciplinar,Trabalho/educação/educação popular/meio ambiente/questão social,2010,https://instagram.com/https://instagram.com/pet_lss?igshid=277hs5gkrq6x,https://www.facebook.com/LicenciaturasEServicoSocial/,,,, MG,
PET Engenharia de Produção,Universidade Federal de Santa Catarina,Campus Florianópolis,Florianópolis ,petepsufsc@gmail.com,www.peteps.com.br/,Engenharias,,1982,https://instagram.com/petproducaoufsc,https://www.facebook.com/peteps,,https://www.youtube.com/channel/UCD9kKs-IpDhO9OoU9sX_krQ,https://www.linkedin.com/company/petengenhariadeproducao/, SC,
PET Odontologia,Universidade Estadual de Feira de Santana,Campus Feira de Santana,Feira de Santana ,petodontologia@uefs.br,sites.google.com/uefs.br/pet-odontologia-uefs/in%C3%ADcio,Ciências da Saúde,,2007,https://instagram.com/petodontouefs,https://www.facebook.com/petodontouefs/,,https://www.youtube.com/channel/UC-rzOgse1nQioPywozFoGvA,, BA,
PET Economia,Universidade Estadual de Feira de Santana,Campus Feira de Santana,Feira de Santana ,csj@uefs.br,,Ciências Sociais Aplicadas,,2008,https://instagram.com/https://www.instagram.com/peteconomia/?hl=pt,https://www.facebook.com/peteconomiauefs/,,,, BA,
PET Matemática,Universidade Federal de Santa Catarina,Campus Florianópolis,Florianópolis ,grupo@pet.mtm.ufsc.br,pet.mtm.ufsc.br/,Ciências Exatas e da Terra,,1991,https://instagram.com/pet.mtm.ufsc,https://www.facebook.com/pet.mtm.ufsc,,https://www.youtube.com/channel/UCmUgi9KEASBbXKoUxEdpJ4w,, SC,petmatematica.paginas.ufsc.br/
PET Arquitetura e Urbanismo UFSC,Universidade Federal de Santa Catarina,Campus Florianópolis,Florianópolis ,petarq@gmail.com,petarq.wordpress.com/,Ciências Sociais Aplicadas,,1992,https://instagram.com/petarqufsc,https://www.facebook.com/PET-ARQ-UFSC-174590199283599/,,https://www.youtube.com/user/petarquiteturaufsc,https://issuu.com/petarqufsc, SC,
PET Matemática,Universidade Federal do Espírito Santo,Campus Goiabeiras,Vitória ,petmatufes1@gmail.com,petmatematica.ufes.br/,Ciências Exatas e da Terra,,1991,https://instagram.com/petmat.ufes,https://pt-br.facebook.com/PetMatUFES,,https://www.youtube.com/channel/UCuBZwN2pozXDJixi8oKracw/featured,, ES,prograd.ufes.br/PET
PET Biologia,Universidade Federal de Santa Catarina,Campus Florianópolis,Florianópolis ,petbiologiaufsc@gmail.com,petbiologia.ufsc.br/,Ciências Biológicas,,1992,https://instagram.com/petbiologiaufsc,https://cenapet.org/grupos/88/facebook.com/pg/petbiologiaufsc,,https://www.youtube.com/channel/UCRZG_4_ZkpB0radxnB9pSaQ,, SC,
PET Engenharia Elétrica,Fundação Universidade do Estado de Santa Catarina,Campus Joinville,Joinville ,pet.udesc@gmail.com,www.udesc.br/cct/peteletrica,Engenharias,,1994,https://instagram.com/peteel.udesc,https://www.facebook.com/peteel.udesc,,https://www.youtube.com/user/UDESCPETeletrica,https://www.linkedin.com/company/pet-engenharia-el%C3%A9trica/, SC,www.udesc.br/servicos/pets
PET Biomecânica,Universidade Federal do Vale do São Francisco,Campus Sede - Petrolina,Petrolina ,rodrigo.carvalho@univasf.edu.br,,Ciências da Saúde,Biomecânica e Prática Baseada em Evidências,2010,https://instagram.com/pbe.univasf,https://www.facebook.com/PetBiomecanica,,https://www.youtube.com/channel/UCrIM15Sp2XzJ4Nw2IxiE2zw,, PE,portais.univasf.edu.br/proen/departamentos/diretoria-de-programas-especiais-de-graduacao/programa-de-educacao-tutorial-pet
PET Serviço Social,Universidade Federal de Santa Catarina,Campus Florianópolis,Florianópolis ,pet.servicosocial@contato.ufsc.br,petservicosocial.ufsc.br/pet/,Ciências Sociais Aplicadas,Serviço Social,1992,https://instagram.com/https://www.instagram.com/petssoufsc/,https://www.facebook.com/petservicosocialufsc,,https://www.youtube.com/user/PETSSO1,https://revistapindorama.paginas.ufsc.br/, SC,petservicosocial.ufsc.br/pet/
PET Psicologia,Universidade Federal de Alagoas,Campus A. C. Simões,Maceió ,petpsico.ufal@gmail.com,,Ciências Humanas,,2008,https://instagram.com/petpsicoufal,,,https://www.youtube.com/user/PETPsicoUFAL,, AL,ip.ufal.br/pt-br/graduacao/psicologia/institucional/programas/pet-programa-de-educacao-tutorial
PET Ciência da Computação,Universidade Federal do Paraná,Campus Centro Politécnico,Curitiba ,pet@inf.ufpr.br,web.inf.ufpr.br/,Ciências Exatas e da Terra,,1992,https://instagram.com/petcompufpr,https://www.facebook.com/petcompufpr,https://twitter.com/petcompufpr,,https://www.linkedin.com/company/petcomputacaoufpr/, PR,
PET Bacharelado em Zootecnia,Universidade Estadual de Maringá,Campus Sede,Maringá ,grupo-pet-zoo@googlegroups.com,www.instagram.com/petzootecniauem/?hl=pt,Ciências Agrárias,,1996,https://instagram.com/petzootecniauem,https://www.facebook.com/petzoouem,,https://www.youtube.com/channel/UCRCpFAxbdi5QBtaRWT60guA,, PR,sites.uem.br/dzo-pet/
PET Pedagogia UFSC,Universidade Federal de Santa Catarina,Campus Florianópolis,Florianópolis ,petpedagogia07@gmail.com,,Ciências Humanas,"São três eixos de foco das ações do grupo: Processos Educativos, sujeitos e Relações Raciais (ERER); Núcleo de pesquisa da EJA – Práticas Educativas E Processos De Escolarização de Educação De Jovens E Adultos (EJA); Literatura Infantil e Juvenil.",2007,https://instagram.com/petpedagogia07,https://www.facebook.com/PETPedagogiaUFSC/,,https://www.youtube.com/channel/UCEwbqXp4S9sZbbDWRe_UAqw,, SC,petpedagogiaufsc.paginas.ufsc.br/
PET Engenharia de Computação,Universidade Tecnológica Federal do Paraná,Campus Curitiba,Curitiba ,petecoutfpr@gmail.com,dainf.ct.utfpr.edu.br/peteco/,Engenharias,,2010,https://instagram.com/peteco_utfpr,https://www.facebook.com/petecoutf,,https://www.youtube.com/c/PETECOUTFPR/featured,, PR,dainf.ct.utfpr.edu.br/peteco/
PET CoCE,Universidade Tecnológica Federal do Paraná,Campus Curitiba,Curitiba ,petcoce.rh@gmail.com,www.dainf.ct.utfpr.edu.br/petcoce/,Interdisciplinar,Computação e Inclusão,2010,https://instagram.com/petcoce_utfpr,https://facebook.com/petcoce,,https://www.youtube.com/channel/UCeVybTTPnKXIzhtgzP1fX2A,, PR,www.dainf.ct.utfpr.edu.br/petcoce/
PET Zootecnia,Universidade Tecnológica Federal do Paraná,Campus Dois Vizinhos,Dois Vizinhos ,petzootecnia.utfpr.dv@gmail.com,,Ciências Agrárias,,2007,https://instagram.com/petzootecnia_utfprdv,https://www.facebook.com/petzooutfprdv,,https://www.youtube.com/channel/UCl0tGR6BNCan0gUN5yjSDuA,, PR,portal.utfpr.edu.br/cursos/coordenacoes/graduacao/dois-vizinhos/dv-zootecnia/area-academica/projetos-de-graduacao
PET ENGENHARIA QUÍMICA,Universidade Tecnológica Federal do Paraná,Campus Ponta Grossa,Ponta Grossa ,pet-pg@utfpr.edu.br,pet-pg.wixsite.com/pet-eq,Engenharias,,2012,https://instagram.com/%20petequtfprpg,https://www.facebook.com/petequtfpr,,https://www.youtube.com/channel/UCHXHVAsPVKnd8RxTLIY8OUA,https://www.linkedin.com/company/pet-engenharia-qu%C3%ADmica-utfpr-pg/about/, PR,
PET Política Públicas,Universidade Tecnológica Federal do Paraná,Campus Curitiba,Curitiba ,comunicacao.petpp@gmail.com,petpp.utfpr.edu.br/,Interdisciplinar,Políticas Públicas,2012,https://instagram.com/pet.politicaspublicas,https://www.facebook.com/petpputfpr,,,https://www.youtube.com/results?search_query=pet+pol%C3%ADticas+p%C3%BAbicas, PR,petpp.utfpr.edu.br/
PET Tecnologia em Alimentos,Universidade Tecnológica Federal do Paraná,Campus Londrina,Londrina ,alimentospet@gmail.com,,Ciências Agrárias,,2010,https://instagram.com/pet_tecnologiaemalimentos,https://www.facebook.com/petalimentosutfprld,,https://www.youtube.com/channel/UC9Q_LBDDCCLZeG7Lx92qakQ/featured,http://petalimentosutfpr.blogspot.com/, PR,
PET Agronomia,Universidade Tecnológica Federal do Paraná,Campus Pato Branco,Pato Branco ,petagronomiautfpr@gmail.com,petagronomia.wordpress.com/,Ciências Agrárias,,2006,https://instagram.com/petagronomiautfpr,,,https://www.youtube.com/user/PETAgroUTFPR,, PR,portal.utfpr.edu.br/cursos/coordenacoes/graduacao/pato-branco/pb-agronomia/area-academica/projetos-de-graduacao
PET Física,Universidade Estadual de Maringá,Campus Sede,Maringá ,petfisicauem@gmail.com,petfisicauem.wixsite.com/petfisicauem,Ciências Exatas e da Terra,,1991,https://instagram.com/petfisicauem,https://www.facebook.com/petfisicauem,,https://www.youtube.com/channel/UC7-TUbyF6VFE9QvxUoq2lrQ,, PR,
PET em Ciência da Computação,Universidade do Estado do Rio Grande do Norte,Campus Mossoró,Mossoró ,petcc@uern.br,petcc.uern.br,Ciências Exatas e da Terra,,2010,https://instagram.com/petccuern,,,,, RN,petcc.uern.br
PET Agronomia - IFPA,"Instituto Federal de Educação, Ciência e Tecnologia do Pará",Campus Castanhal,Castanhal ,petagro_ifpa@yahoo.com.br,,Ciências Agrárias,,2010,https://instagram.com/petagro_ifpa,https://www.facebook.com/petagro.agronomia,,https://www.youtube.com/channel/UCJ9hPoIefUR7g8kxR6tbK4w/featured,, PA,proen.ifpa.edu.br/pet
"PET Zootecnia ""João Dimas Graciano""",Fundação Universidade Federal da Grande Dourados,Campus Unidade II,Dourados ,rodrigogarcia@ufgd.edu.br,petzooufgd.blogspot.com/,Ciências Agrárias,Zootecnia,2007,https://instagram.com/petzootec_ufgd,https://www.facebook.com/pg/PETZootecniaUFGD/,,https://www.youtube.com/channel/UCzXCmnRAxrhF6rHWF8GT_Ig,, MS,portal.ufgd.edu.br/programas/pet/index
PET Zootecnia UFSM,Universidade Federal de Santa Maria,Campus Santa Maria,Santa Maria ,petzootecniaufsm@gmail.com,,Ciências Agrárias,,2009,https://instagram.com/petzootecnia_ufsm,https://www.facebook.com/petzootecnia,,https://www.youtube.com/channel/UCkLnE9et1vq1b-zp227u-GA,, RS,www.ufsm.br/pet/zootecnia/
PET Bacharelado em Bioquímica,Universidade Federal de Viçosa,Campus Viçosa,Viçosa ,petbioquimicaufv@gmail.com,petbqiufv.wixsite.com/petbqi,Ciências Biológicas,,2010,https://instagram.com/petbioquimica,https://www.facebook.com/petbqiufv,,https://www.youtube.com/channel/UCj9zhyjqip2G0SsFWUNb4Gg,https://www.linkedin.com/in/petbqi-ufv/, MG,www.petecd.ufv.br/?page_id=66
PET Nutrição,Universidade Federal de Viçosa,Campus Viçosa,Viçosa ,petnut@ufv.br,,Ciências da Saúde,,1990,https://instagram.com/petnut.ufv,https://facebook.com/petnutricaoufv/,,,, MG,pe1nutufv.wixsite.com/petnut
PET Geologia UFC,Universidade Federal do Ceará,Campus Pici,Fortaleza ,petgeologiaufc@gmail.com,,Ciências Exatas e da Terra,,2016,https://instagram.com/protopetgeologia,https://www.facebook.com/protopetgeologiaUFC,,,, CE,
PET Engenharia Florestal,Universidade Federal do Amazonas,Campus Manaus,Manaus ,florestal.pet.ufam@gmail.com,,Ciências Agrárias,,1993,https://instagram.com/petflorestal_ufam,https://facebook.com/petflorestal.ufam/,,https://www.youtube.com/channel/UC8QDtg2xfrtfdjt2nlMrL7Q,, AM,
PET Elétrica,Universidade Federal de Mato Grosso do Sul,Campus Cidade Universitária,Campo Grande ,pet.eletrica.ufms@gmail.com,,Engenharias,"Estudo e desenvolvimento de ações na área de conservação de energia elétrica, mediante análises/simulações, otimizações de equipamentos, visando estabelecer economia de energia nas instalações e circuitos elétricos.",1994,https://instagram.com/petelufms,https://www.facebook.com/petelufms/,,https://youtube.com/channel/UC9KQM4uY6Vsr1h2hQh049wg,, MS,engeletrica.ufms.br/pet/
PET Fronteira,Universidade Federal de Mato Grosso do Sul,Campus Ponta Porã,Ponta Porã ,anderson.lima@ufms.br,,Ciências Exatas e da Terra,,2010,https://instagram.com/petfronteira,https://www.facebook.com/pet.fronteira,,https://www.youtube.com/channel/UCmXYZOcW41XLfjlisLgv5eA,, MS,
PET Administração,Universidade Federal de Campina Grande,Campus Campina Grande,Campina Grande ,petadmufcg@gmail.com,www.petadministracao.ufcg.edu.br/,Ciências Sociais Aplicadas,,2010,https://instagram.com/petadmufcg,https://www.facebook.com/petadmufcg,https://twitter.com/petadmufcg,https://www.youtube.com/user/PETAdministracaoCG,https://www.linkedin.com/company/petadmufcg/, PB,
GET Medicina,Universidade Federal de Juiz de Fora,Campus Juiz de Fora,Juiz de Fora ,get.medicina@gmail.com,,Ciências da Saúde,Medicina,2009,https://instagram.com/get.medicina.ufjf,https://www.facebook.com/profile.php?id=100010984934399,,https://www.youtube.com/channel/UCxg5aEYdVuG5jVy3otkW4fA,, MG,www.ufjf.br/getmedicina/
PET Licenciaturas,"Instituto Federal de Educação, Ciência e Tecnologia da Bahia",Campus Porto Seguro,Porto Seguro ,petlicenciaturasifba@gmail.com,,Interdisciplinar,,2013,https://instagram.com/pet_licenciaturas,https://www.facebook.com/petlicenciaturasps,,https://www.youtube.com/channel/UCZZS04CDhgiuDfobQUG5icg/about,, BA,
PET Biblioteconomia,Universidade Federal do Maranhão,Campus São Luís,São Luís ,petbiblioteconomiaufma@gmail.com,petbiblioteconomiaufma.wordpress.com/,Ciências Sociais Aplicadas,,1988,https://instagram.com/petbiblioufma,https://www.facebook.com/pg/petbiblioteconomiaufma/,,,, MA,
PET Engenharia Elétrica,Universidade Federal da Paraíba,Campus João Pessoa,João Pessoa ,pet.eletrica@cear.ufpb.br,www.cear.ufpb.br/peteletrica,Engenharias,,2013,https://instagram.com/peteletrica,,,https://www.youtube.com/c/PETEl%C3%A9tricaUFPBMinicursos,, PB,
PET Floresta,Universidade Federal Rural do Rio de Janeiro,Campus Seropédica,Seropédica ,petfloresta.rural@gmail.com,,Ciências Agrárias,Práticas Sustentáveis,2010,https://instagram.com/https://www.instagram.com/petflorestaufrrj/?hl=pt-br,https://www.facebook.com/PETFloresta.UFRuralRJ,,https://www.youtube.com/channel/UC_GzH3oxhS2c7cRbsVzGSCQ,, RJ,r1.ufrrj.br/grupospetrural/pet-floresta/
PET Engenharia Mecânica,Universidade Federal de Campina Grande,Campus Campina Grande,Campina Grande ,petmeccampina@gmail.com,petmec-cg.wixsite.com/petmec-cg,Engenharias,,2012,https://instagram.com/petmeccampina,https://www.facebook.com/PetmecCg,,https://www.youtube.com/channel/UCsbVSffIKclcuvTmdQyzCug,https://linktr.ee/PETMECCG, PB,
PROPET Fonoaudiologia,Universidade Federal Fluminense,Campus Nova Friburgo,Nova Friburgo ,petfono1@gmail.com,sites.google.com/view/propetfono/home,Ciências da Saúde,,2013,https://instagram.com/pro_pet_fono,https://www.facebook.com/pet.fono.5/,,https://www.youtube.com/channel/UCCC6GXBLq05StzdhsyHK-qQ,, RJ,
PET Bacharelado em Zootecnia,Universidade Federal Rural de Pernambuco,Campus Dois Irmãos,Recife ,petzootecniaufrpe1@gmail.com,www.petzootecnia.com.br,Ciências Agrárias,"Extensão, pesquisa e ensino em zootecnia",1992,https://instagram.com/petzootecniaufrpe,https://www.facebook.com/petzootec/,,https://www.youtube.com/channel/UCiFSn47d_8k97QmwyTJ0uNA,https://linktr.ee/petzooufrpe, PE,
PET Bacharelado em Ciências Biológicas,Universidade Federal Rural de Pernambuco,Campus Dois Irmãos,Recife ,petbio@gmail.com,,Ciências Biológicas,,1991,https://instagram.com/petbioufrpe,https://www.facebook.com/PETbiologiaUFRPE/,,,, PE,
PET Zootecnia,Universidade Federal de Uberlândia,Campus Glória,Glória ,ufu.zoopet@gmail.com,www.petzoo.famev.ufu.br,Ciências Agrárias,,2011,https://instagram.com/zoopetufu,,,,, MG,www.famev.ufu.br/unidades/pet/pet-do-curso-de-zootecnia
PET Bacharelado em Sistemas de Informação,Universidade Federal de Uberlândia,Campus Santa Mônica,Uberlândia ,petsiufu@gmail.com,www.petsi.facom.ufu.br/,Interdisciplinar,,2012,https://instagram.com/petsi_ufu,https://cenapet.org/grupos/125/facebook.com/petsi.ufu,https://twitter.com/petsiufu,,, MG,
PET Geografia,Universidade Federal de Mato Grosso do Sul,Campus Três Lagoas - Unidade I,Três Lagoas ,pet-geo.cptl@ufms.br,petgeoufmscptl.blogspot.com/,Ciências Humanas,Geografia,1988,https://instagram.com/petgeo_cptl,https://facebook.com/petgeografiaufmscptl/,,https://youtube.com/channel/UCQzbR_hrt4clC8dLA79DJ4g,, MS,
PET Administração Pública,Universidade Estadual Paulista Júlio de Mesquita Filho,Campus Araraquara,Araraquara ,petadm@gmail.com,,Ciências Sociais Aplicadas,,1992,https://instagram.com/petadmpublicaunesp,https://www.facebook.com/PETAdministracaoPublica,,https://www.youtube.com/user/jubusnardi,, SP,www.fclar.unesp.br/#!/petadmpublica
PET Intercultural Indígena,Universidade Federal de Pernambuco,Campus Caruaru,Caruaru ,daniel.ferreirasilva@ufpe.br,,Interdisciplinar,,2010,https://instagram.com/petindigenaufpe,,,,, PE,
PET Ciências Natuais,Fundação Universidade Federal do Tocantins,Campus Araguaína,Araguaína ,petcnat@gmail.com,petcnat.blogspot.com/,Interdisciplinar,,2010,https://instagram.com/petcnat,,,,, TO,
PET Engenharia Elétrica,Universidade Federal de Campina Grande,Campus Campina Grande,Campina Grande ,pet@ee.ufcg.edu.br,sites.google.com/ee.ufcg.edu.br/peteletrica,Engenharias,,2012,https://instagram.com/peteletricaufcg,,,,, PB,
PET Conexões Acesso e Sucesso no Ensino Superior,Universidade Federal do Rio de Janeiro,Campus Duque de Caxias,Duque de Caxias ,petacessofeufrj@gmail.com,,Ciências Humanas,Acesso de estudantes de origem popular e permanência ao ensino superior,2017,https://instagram.com/pet.acessoufrj,https://www.facebook.com/petacessoufrj/,,,, RJ,
PET Odontologia,Universidade Federal de Alfenas,Campus Alfenas,Alfenas ,pet.odontologia@unifal-mg.edu.br,,Ciências da Saúde,,1991,https://instagram.com/petodontounifal,https://www.facebook.com/petodontounifalmg,,https://www.youtube.com/channel/UC0Fd4jrk--HCNYEpYuH5eAg,, MG,www.unifal-mg.edu.br/odonto/petodontologia
PET AutoNet,"Instituto Federal de Educação, Ciência e Tecnologia de Mato Grosso",Campus Cuiabá,Cel. Octayde Jorge da Silva ,autonet@gmail.com,petautonet.com/,Engenharias,Robótica,2010,https://instagram.com/petautonet,https://www.facebook.com/petautonet/,,,, MT,
PET Pedagogia,Universidade Federal de Campina Grande,Campus Campina Grande,Campina Grande ,ufcgpetpedagogiapet@gmail.com,pedagogiaufcg.blogspot.com/,Interdisciplinar,"Ensino, Pesquisa e Extensão",2006,https://instagram.com/petpedagogia,https://www.facebook.com/PET-Pedagogia-UFCG-1638600306368983,,https://www.youtube.com/channel/UCQ1SzURWSd8XS9AfNDOEZRw,, PB,
PET Cinema,Universidade Federal do Recôncavo da Bahia,Campus Cachoeira,Cachoeira ,petcinema@ufrb.edu.br,www.petcinemaufrb.com.br,"Linguística, Letras e Arte",Cinema e Educação,2010,https://instagram.com/petcinema,,,,https://soundcloud.com/search?q=PET%20Cinema%20UFRB, BA,www2.ufrb.edu.br/cinema/pet-cinema
PET Nutrição,Universidade Federal de Santa Catarina,Campus Florianópolis,Florianópolis ,petntr@gmail.com,www.petnutriufsc.com/,Ciências da Saúde,,1992,https://instagram.com/petnutriufsc,,,,https://linktr.ee/Petnutricaoufsc, SC,ntr.ufsc.br/pet-nutricao/
PET Administração,Universidade Federal Rural de Pernambuco,Campus Dois Irmãos,Recife ,petadmufrpe1@gmail.com,,Ciências Sociais Aplicadas,,2010,https://instagram.com/petadmufrpe,https://www.facebook.com/PETADMINISTRACAOUFRPE/?show_switched_toast=0&show_switched_tooltip=0&show_podcast_settings=0,,,, PE,
PET Indígena,Universidade Federal do Amapá,Campus Binacional de Oiapoque,Oiapoque ,petindigena.clii@gmail.com,,Interdisciplinar,,2010,https://instagram.com/petindigena.clii,https://www.facebook.com/petindigenaunifap,,,, AP,
PET Engenharia Elétrica,Universidade Federal da Bahia,Campus Ondina,Salvador ,peteletrica@ufba.br,www.peteletrica.eng.ufba.br/2017/,Engenharias,,2009,https://instagram.com/peteletricaufba,,,https://www.youtube.com/user/PETeletricaUFBA,, BA,
PET Química,Universidade Estadual Paulista Júlio de Mesquita Filho,Campus Araraquara,Araraquara ,petquimicaunesp@gmail.com,petquimicaunesp.wixsite.com/petquim,Ciências Exatas e da Terra,,1996,https://instagram.com/petquimicaunesp,https://facebook.com/petquimicaunesp,https://twitter.com/PETquimicaaqa,https://m.youtube.com/channel/UC5TZuD4zHkCoO39n_Z_frHA/featured,, SP,
PET Engenharia Química,Universidade Federal de Campina Grande,Campus Campina Grande,Campina Grande ,pet.eq@eq.ufcg.edu.br,,Engenharias,,2010,https://instagram.com/petequfcg,https://www.facebook.com/petequfcg,https://twitter.com/petequfcg,,https://www.linkedin.com/company/28501897/, PB,
PET Economia,Universidade Federal de Campina Grande,Campus Campina Grande,Campina Grande ,peteconomiaufcg@gmail.com,www.peteconomia.ufcg.edu.br,Ciências Sociais Aplicadas,,1988,https://instagram.com/peteconufcg,,,https://youtube.com/channel/UCYs7ZTXBCwrZKdZJ7_Np02g,, PB,
PET Música,Universidade Federal do Cariri,Campus Juazeiro do Norte,Juazeiro do Norte ,petmusica.iisca@ufca.edu.br,petmusica.ufca.edu.br/,"Linguística, Letras e Arte","Ensino, pesquisa e extensão no campo musical.",2012,https://instagram.com/petmusufca,,,https://www.youtube.com/channel/UC7FmY4HSU5rOwnY1WqV3jGQ,, CE,
PET Engenharia Agrícola,Universidade Federal de Lavras,Campus Lavras,Lavras ,pet.agricola@ufla.br,,Ciências Agrárias,,1995,https://instagram.com/petagricolaufla,https://www.facebook.com/PetAgricolaUfla,,https://www.youtube.com/channel/UCiFz8MPADcVqK6eAwGdsr2g,, MG,dea.ufla.br/extensao/pet
PET Medicina Veterinária,Universidade Estadual Paulista Júlio de Mesquita Filho,Campus Jaboticabal,Jaboticabal ,petvet.fcav@gmail.com,,Ciências Agrárias,,1982,https://instagram.com/petvetfcav,https://facebook.com/petvet.fcav,,,, SP,www.fcav.unesp.br/#!/petvet
PET Física,Universidade Federal da Paraíba,Campus João Pessoa,João Pessoa ,petfisica@fisica.ufpb.br,petfisicaufpb.wixsite.com/petfisicaufpb,Ciências Exatas e da Terra,,2009,https://instagram.com/petfisicaufpb,,,,, PB,www.ccen.ufpb.br/PET-Fisica
PET Indígena,Universidade Federal da Paraíba,Campus Litoral Norte,Litoral Norte ,petindigena.ufpb@gmail.com,petindigena.ccae.ufpb.br/,Interdisciplinar,O acesso e a permanência do universitário indígena na academia,2010,https://instagram.com/petindigenapotiguara,,,https://www.youtube.com/watch?v=zLvACchZwwI&t=283s,, PB,
PET Protagonismo Juvenil em Periferias Urbanas,Universidade Federal da Paraíba,Campus João Pessoa,João Pessoa ,protagonismojuvenilpet@gmail.com,,Ciências Humanas,Educação,2010,https://instagram.com/pet.protagonismojuvenil,,,,, PB,
PET Engenharia Agrícola,Fundação Universidade Federal da Grande Dourados,Campus Unidade II,Dourados ,petengagricola@ufgd.edu.br,,Ciências Agrárias,,2010,https://instagram.com/pet_engenharia_agricola_ufgd,https://facebook.com/petagricolaufgd/,,https://www.youtube.com/channel/UCKXBgfbzrjNanAOptYt6OMQ,, MS,
PET Engenharia Têxtil,Universidade Estadual de Maringá,Campus Goioerê,Goioerê ,pettextil@gmail.com,,Engenharias,,2012,https://instagram.com/pet.engtextil,https://www.facebook.com/PETtextil/,,,, PR,
PET Engenharia de Alimentos,Universidade Federal de Goiás,Campus Samambaia,Goiânia ,petengali@gmail.com,,Ciências Agrárias,,2006,https://instagram.com/petengali_ufg,https://www.facebook.com/PETengAliUFG/,,https://www.youtube.com/channel/UC0qsNtWhO7du11DUufKy_YQ,https://www.linkedin.com/in/pet-engenharia-de-alimentos-454b69180/, GO,pet.agro.ufg.br/
PET Biblioteconomia e Ciência da Informação,Universidade Federal de São Carlos,Campus São Carlos,São Carlos ,petbci@ufscar.br,www.petbci.ufscar.br/,Ciências Sociais Aplicadas,,2010,https://instagram.com/petbci,https://www.facebook.com/petbci,https://twitter.com/petbciufscar,https://www.youtube.com/petbciufscar,https://www.linkedin.com/company/pet-bci-ufscar/about/, SP,
PET Biologia,Universidade Federal Rural de Pernambuco,Campus Serra Talhada,Serra Talhada ,petbiologia.uast@ufrpe.br,petbiologicasuast.wixsite.com/petbiologiauast,Ciências Biológicas,Potencialidades do Semiárido,2010,https://instagram.com/petbiouast,,,https://www.youtube.com/channel/UCDJvPO1Xh4bsGTaN4XURppA,, PE,www.preg.ufrpe.br/br/grupos-pet
PET Elétrica,Universidade Federal de Juiz de Fora,Campus Juiz de Fora,Juiz de Fora ,pet.eletrica@engenharia.ufjf.br,peteletrica.com/,Engenharias,,1991,https://instagram.com/%20peteletricaufjf,https://www.facebook.com/peteletricaufjf,https://twitter.com/peteletricaufjf,https://www.youtube.com/user/peteleticaufjf,https://www.linkedin.com/company/peteletricaufjf, MG,www.ufjf.br/peteletrica/
PET Engenharia de Alimentos,Universidade Federal de Lavras,Campus Lavras,Lavras ,petalimentos.dca@ufla.br,,Ciências Agrárias,"Dedicação em aprender sobre as áreas de Engenharia, Ciência e Tecnologia de Alimentos. Assim como, inovar as práticas e técnicas pedagógicas utilizadas no curso o de graduação, contribuindo para a redução da taxa de evasão e retenção e para a formação de profissionais de alto nível técnico, com conceitos fundamentais da ciência, habilidades e competências necessárias ao exercício profissional, mas também com visão de mundo e comprometimento social, ético e cidadão.",2013,https://instagram.com/petalimentosufla,,,https://www.youtube.com/user/petalimentosufla/featured,https://www.linkedin.com/company/pet-engenharia-de-alimentos/, MG,www.dca.ufla.br/petalimentos/
PET Engenharia Química,Universidade Federal do Rio Grande do Norte,Campus Central,Natal ,eqpeteq@gmail.com,,Engenharias,,1996,https://instagram.com/petequfrn,https://cenapet.org/grupos/156/facebook.com/petequfrn,,https://www.youtube.com/channel/UC_KwXLBja8lDctfsAxbniFQ,https://br.linkedin.com/company/petequfrn, RN,
PET Medicina Veterinária,Universidade Federal de Uberlândia,Campus Umuarama,Uberlândia ,petmedvetufu@gmail.com,www.pet.famev.ufu.br/,Ciências Agrárias,,2006,https://instagram.com/petmedvet.ufu,https://www.facebook.com/petmedvetufu,,https://www.youtube.com/channel/UCVk0mkSvqwiYdv8ha5NfuZg,, MG,
PET Medicina UFTM,Universidade Federal do Triângulo Mineiro,Campus Uberaba,Uberaba ,petmedicinauftm@gmail.com,petmeduftm.wixsite.com/medicina,Ciências da Saúde,,1988,https://instagram.com/petmeduftm,https://www.facebook.com/PET-Medicina-UFTM-361684677236765/,,https://www.youtube.com/channel/UCPFxKJzRLHcsvJTA9DOZP6A,, MG,
PET Administração,Universidade Federal do Ceará,Campus Benfica,Fortaleza ,petadmufc@ufc.br,www.petadm.ufc.br/,Ciências Sociais Aplicadas,,2011,https://instagram.com/petadmufc,,,https://www.youtube.com/channel/UC-ffd_f3Lis4_4NSBk_gR5Q,https://www.linkedin.com/in/pet-adm-ufc-009119199/, CE,
PET Psicologia Geografia/Ciências Sociais,Fundação Universidade Federal da Grande Dourados,Campus Unidade II,Dourados ,petpsicologiaufgd@gmail.com,www.petpsicologiaufgd.com/,Ciências Humanas,,2010,https://instagram.com/petpsicologiaufgd,https://www.facebook.com/PETPSICOLOGIAUFGD,,https://www.youtube.com/channel/UC7B2XXyGs-f9OueofSknCjg,, MS,
PET Administração,Universidade Federal de Viçosa,Campus Viçosa,Viçosa ,gestao.petadmufv@gmail.com,www.petadm.ufv.br/,Ciências Sociais Aplicadas,,1988,https://instagram.com/pet.adm,https://www.facebook.com/pet.adm/,,,https://linkedin.com/company/pet-administra%C3%A7%C3%A3o-ufv, MG,arquivo.ufv.br/dad/petadm/index_arquivos/pet_administra%C3%A7%C3%A3o.htm
PET Ciência,Universidade Federal de Alfenas,Campus Poços de Caldas,Poços de Caldas ,petciencia@unifal-mg.edu.br,petciencia.blogspot.com/,Interdisciplinar,Divulgação Científica,2010,https://instagram.com/petciencia,https://www.facebook.com/unifal.petciencia,,https://www.youtube.com/c/PetCi%C3%AAncia/featured,https://www.linkedin.com/company/pet-ci%C3%AAncia/, MG,www.unifal-mg.edu.br/pocosdecaldas/pet/
PET Geografia,Universidade Federal Rural do Rio de Janeiro,Campus Nova Iguaçu,Nova Iguaçu ,petgeoufrrjim@gmail.com,geo-pet.blogspot.com/,Ciências Humanas,Cultura e Cidadania: diálogo de saberes no ensino de geografia,2010,https://instagram.com/petgeoufrrj_im,https://www.facebook.com/pet.geo.im.ufrrj/,,https://www.youtube.com/user/LeoViannaPensador/featured,https://linktr.ee/Petgeoufrrjim, RJ,r1.ufrrj.br/grupospetrural/pet-geografia/
PET Letras,Universidade Federal de Uberlândia,Campus Santa Mônica,Uberlândia ,petletufu@gmail.com,www.petletrasufu.weebly.com,"Linguística, Letras e Arte",,1994,https://instagram.com/petletrasufu,https://facebook.com/petletrasufu,,https://www.youtube.com/user/PETLetrasUFU,, MG,www.ileel.ufu.br/petletras
PET Mais Saúde,Universidade Federal de Uberlândia,Campus Pontal,Ituiutaba ,petmsaude@gmail.com,petmsaude.wixsite.com/petmsaude,Interdisciplinar,Conexões do Saberes: Populações do Campo,2010,https://instagram.com/petmaissaude,https://www.facebook.com/petmais.saude,,https://www.youtube.com/channel/UCeA7K1YB6y2rZv1WL8D_pfw,, MG,www.icenp.ufu.br/unidades/pet/pet-mais-saude
PET Engenharia Civil,Universidade Federal do Pará,Campus Belém,Belém ,petcivil.ufpa@gmail.com,petcivilufpa.wixsite.com/petcivil,Engenharias,,1991,https://instagram.com/petcivilufpa,https://www.facebook.com/petengenhariacivil.ufpa/,,,https://www.linkedin.com/company/pet-civil-ufpa, PA,pet.ufpa.br/
PET Farmácia,Universidade Federal da Paraíba,Campus João Pessoa,João Pessoa ,pet-farmacia@ccs.ufpb.br,,Ciências da Saúde,,1992,https://instagram.com/petfarmaciaufpb,https://www.facebook.com/petfarmacia.ufpb,,https://www.youtube.com/c/PETFarm%C3%A1ciaUFPB,, PB,plone.ufpb.br/petfarmacia
PET Odontologia,Universidade Federal do Ceará,Campus Porangabussu,Fortaleza ,petodontologiaufce@gmail.com,www.petodontologia.ufc.br/,Ciências da Saúde,,1988,https://instagram.com/petodontologia,,,https://www.youtube.com/channel/UC2afk0mQ8mUefqDPSI-Rqkw,, CE,
PET Produção,Universidade Federal de São Carlos,Campus São Carlos,São Carlos ,pet@dep.ufscar.br,www.pet.dep.ufscar.br/,Engenharias,,1991,https://instagram.com/petproducao,https://www.facebook.com/petproducao/,,https://www.youtube.com/user/petproducaoufscar,https://www.linkedin.com/company/petproducaoufscar/?viewAsMember=true, SP,
PET Conexões Cultura,Universidade Federal do Espírito Santo,Campus Goiabeiras,Vitória ,petcultura@gmail.com,petcultura.blogspot.com/,Interdisciplinar,,2010,https://instagram.com/pet_cultura,,,https://www.youtube.com/channel/UCG8_NiqP7ZEZCxBOmTiHQrg,, ES,
PET Engenharia Mecânica,Universidade Federal de Uberlândia,Campus Santa Mônica,Santa Mônica ,petmecufu@gmail.com,www.pet.mecanica.ufu.br/,Engenharias,,1979,https://instagram.com/petmec.ufu,https://www.facebook.com/petmec.ufu,,https://www.youtube.com/PETMEC,, MG,
PET Ciências Agrárias,"Instituto Federal de Educação, Ciência e Tecnologia do Sudeste de Minas Gerais",Campus Rio Pomba,Rio Pomba ,petcienciasagrariasrp@gmail.com,,Ciências Agrárias,,2010,https://instagram.com/pet.cienciasagrariasrp,,,,, MG,
PET Agronomia,Universidade Federal de Uberlândia,Campus Umuarama,Uberlândia ,petagronomiaufu@gmail.com,,Ciências Agrárias,,1991,https://instagram.com/petagroufu,https://www.facebook.com/petagronomiaufu/,,https://www.youtube.com/user/PETAgroUFU,, MG,www.pet.iciag.ufu.br/pet
PET Escola de Comunicação,Universidade Federal do Rio de Janeiro,Campus Praia Vermelha,Rio de Janeiro ,pet@eco.ufrj.br,sites.google.com/eco.ufrj.br/petecoufrj,Ciências Sociais Aplicadas,Comunicação social,2012,https://instagram.com/petecoufrj,https://www.facebook.com/petecoufrj,https://twitter.com/petecoufrj,https://www.youtube.com/channel/UC9A6EyDMalG_gPFLYlCaa3g,, RJ,
PET Matemática,Universidade Federal de Campina Grande,Campus Campina Grande,Campina Grande ,ufcgpetmatematica@gmail.com,www.dme.ufcg.edu.br/pet,Ciências Exatas e da Terra,,2009,https://instagram.com/petmatufcg,https://cenapet.org/grupos/177/www.facebook.com/petmatufcg,,https://www.youtube.com/channel/UCAQkcoeptINUJJQ2pnYEYiA,, PB,
PET Letras,Universidade Federal de Roraima,Campus Paricarana,Paricarana ,pet.letras@ufrr.br,,"Linguística, Letras e Arte",,2006,https://instagram.com/pet.letras_ufrr,https://facebook.com/PETLetrasUFRR/,,,, RR,
PET Administração,Universidade Federal do Amazonas,Campus Manaus,Manaus ,petadm@ufam.edu.br,www.petadmufam.site/,Ciências Sociais Aplicadas,,1989,https://instagram.com/petadmufam,https://www.facebook.com/petadmufam/,,https://www.youtube.com/channel/UCx64PtI8XscxSr0h92uV2iw,, AM,
PET Pedagogia,Fundação Universidade Federal do Tocantins,Campus Palmas,Palmas ,petpedagogia1@gmail.com,,Ciências Humanas,"Educação Infantil e Ensino Fundamental (anos iniciais): docência, gestão, política e legislação",2007,https://instagram.com/petpedpalmas,https://www.facebook.com/PETPedPalmas,,,, TO,
PET Conexões Urbanas,Universidade Federal do Amazonas,Campus Manaus,Manaus ,conexoesurbano.pet@gmail.com,,Interdisciplinar,Ações afirmativas,2010,https://instagram.com/petconexoesurbanas,https://www.facebook.com/Petconexoesurbano,,,, AM,
PET Políticas Públicas,Universidade Federal Rural de Pernambuco,Campus Dois Irmãos,Recife ,petpoliticaspublicas.ufrpe@gmail.com,,Interdisciplinar,Ações afirmativas para a juventude,2011,https://instagram.com/petpoliticaspublicas,,,,, PE,www.preg.ufrpe.br/br/grupos-pet
PET Ecologia,Universidade Federal Rural de Pernambuco,Campus Dois Irmãos,Recife ,petecologia.db@ufrpe.br,,Interdisciplinar,Ecologia e Conservação da Natureza,2010,https://instagram.com/ecologiapet,https://www.facebook.com/PetEcoUFRPE,,https://www.youtube.com/channel/UCykH3h8ixrfDN5JBDLj-KiA,, PE,
PET História,Fundação Universidade Federal da Grande Dourados,Campus Unidade II,Dourados ,pethistoriafch@ufgd.edu.br,petfch.blogspot.com,Ciências Humanas,Humanidades,2010,https://instagram.com/pethistoriaufgd,https://www.facebook.com/pethistufgd,,https://youtube.com/channel/UCOxfZ12rTVRVYQqvnHtatPw,, MS,
PET Biologia,Universidade Federal do Maranhão,Campus São Luís,São Luís ,petbioufma@gmail.com,petbioufma.wordpress.com/inicio-2/,Ciências Biológicas,,1988,https://instagram.com/petbioufma,https://www.facebook.com/petbiologiaufma/,,https://youtube.com/channel/UCujE-2FmKSMtHSt11UVqojQ,, MA,
PET Farmácia,Universidade Federal de Mato Grosso do Sul,Campus Cidade Universitária,Campo Grande ,petfarmaciaufms@gmail.com,www.petfarmacia.ufms.br/,Ciências da Saúde,Uso Racional de Medicamentos,2007,https://instagram.com/petfarmaciaufms,https://www.facebook.com/petfarmaciaufms/,,https://www.youtube.com/channel/UC4F3VaLL94I_MIqr5_lXkYQ,https://linktr.ee/PET_FarmaUFMS, MS,
PET Parasitologia,Universidade Federal de Pernambuco,Campus Reitor Joaquim Amazonas,Recife ,petparasitologiaufpe.2@gmail.com,,Ciências da Saúde,área da saúde,2010,https://instagram.com/petparasitoufpe,https://www.facebook.com/petparasitologiaufpe,,https://cenapet.org/grupos/187/Petparasitologia,, PE,
PET Química,"Instituto Federal de Educação, Ciência e Tecnologia de Goiás",Campus Itumbiara,Itumbiara ,petnetquimica@gmail.com,,Ciências Exatas e da Terra,,2013,https://instagram.com/petquimicaifg,,,https://www.youtube.com/channel/UCSoAZ-osnMLNd7Abu6mCgYA,, GO,www.ifg.edu.br/itumbiara/campus/ensino/projetos-e-programas?showall=&start=2
PET História,Universidade Federal de Santa Catarina,Campus Florianópolis,Florianópolis ,pet.hst.ufsc@gmail.com,,Ciências Humanas,,1992,https://instagram.com/pethistoriaufsc,https://www.facebook.com/PetHistoriaUfsc/,,https://www.youtube.com/channel/UCUyTQXBvkpQT5c1mC_ykrFw?app=desktop&sub_confirmation=1,, SC,
PET GAPE,Universidade Federal de Pelotas,Campus Pelotas,Pelotas ,gapeclpd@gmail.com,petgape.wordpress.com,Interdisciplinar,Educação Popular,2008,https://instagram.com/petgape,https://www.facebook.com/petgapeufpel/,,https://www.youtube.com/channel/UCA2UeRXbtU3ljbBHR1pJ2jA,, RS,
PET Agronomia,Universidade Federal de Pelotas,Campus Capão do Leão,Capão do Leão ,petufpelagronomia@gmail.com,petufpelagronomia.wixsite.com/petagro,Ciências Agrárias,,1964,https://instagram.com/petagroufpel,https://www.facebook.com/petagronomia.ufpel,,https://www.youtube.com/channel/UC2M_DWz-RH9x0gvnTqz6ghw,, RS,wp.ufpel.edu.br/cec/pet/
PET Computação UFPel,Universidade Federal de Pelotas,Campus Porto,Porto ,pet@inf.ufpel.edu.br,wp.ufpel.edu.br/petcomp,Ciências Exatas e da Terra,,2009,https://instagram.com/computacao.ufpel,https://www.facebook.com/petcomputacaoufpel,,https://www.youtube.com/channel/UC8-0R3hgLNoQq8yisN9snDA,, RS,
PET Odontologia,Universidade Federal de Pelotas,Campus Pelotas,Pelotas ,petodontologia2021@gmail.com,petodontoufpel.wixsite.com/petodontoufpel,Ciências da Saúde,,1992,https://instagram.com/petodontologiaufpel,https://facebook.com/petodontologiaufpel,,,, RS,wp.ufpel.edu.br/cec/pet/
PET Química,Universidade de São Paulo,Campus Ribeirão Preto,Ribeirão Preto ,petquimicarp@usp.br,,Ciências Exatas e da Terra,Meio ambiente e uso sustentável de recursos naturais,2006,https://instagram.com/petquimica_rp,https://www.facebook.com/petquimicausprp/,,https://www.youtube.com/c/PETQu%C3%ADmicaUSPRP,, SP,
PET Odontologia,Universidade Federal de Santa Maria,Campus Santa Maria,Santa Maria ,petodontologiaufsm@gmail.com,www.ufsm.br/pet/odontologia/,Ciências da Saúde,,2006,https://instagram.com/petodontoufsm,https://www.facebook.com/PetOdontologiaUfsm,,https://www.youtube.com/channel/UCnoGa70odr7OCIa6lMabTwA,, RS,
PET Letras,Fundação Universidade Federal do Pampa,Campus Jaguarão,Jaguarão ,petletrasjaguarao@gmail.com,petletrasjaguarao.wordpress.com,"Linguística, Letras e Arte",,2013,https://instagram.com/letraspet,https://www.facebook.com/petletrasjaguarao,,,, RS,
PET Geologia,Universidade Federal do Paraná,Campus Centro Politécnico,Curitiba ,petgeo.ufpr@gmail.com,petgeoufpr.wixsite.com/petgeologia,Ciências Exatas e da Terra,,1992,https://instagram.com/petgeologiaufpr,https://www.facebook.com/PETGeologiaUFPR,,https://www.youtube.com/channel/UCN5pqYcdkHSrxxKlgmG18kQ,, PR,
PET Fronteiras: Saberes e Práticas Populares,Universidade Federal de Pelotas,Campus Pelotas,Pelotas ,petfronteirasufpel@gmail.com,pet-saberes-e-praticas-populares1.webnode.com/,Interdisciplinar,Saberes e Práticas Populares,2012,https://instagram.com/pet_fronteiras,https://facebook.com/petfronteirassaberesepraticaspopulares/,,,https://linktr.ee/petfronteirasUFPel, RS,
PET Pedagogia,Universidade Estadual de Maringá,Campus Sede,Maringá ,petpedagogiauem0@gmail.com,pet-pedagogiauem.blogspot.com/,Ciências Humanas,,1996,https://instagram.com/petpedagogia.uem,https://www.facebook.com/PetPedagogia,,https://www.youtube.com/channel/UCG1QLN1l1v-w5auDAd5HoJg,, PR,www.dtp.uem.br/projetos-programas/pet-pedagogia
PET Ciências,Universidade Federal da Fronteira Sul,Campus Cerro Largo,Cerro Largo ,petcienciasuffs@gmail.com,petciencias.blogspot.com/,Interdisciplinar,Meio Ambiente e Formação e Professores - Ciências,2010,https://instagram.com/pet_ciencias,https://www.facebook.com/PetCiencias,,,, SC,www.uffs.edu.br/institucional/pro-reitorias/graduacao/programas/pet
PET Ciência da Computação,Universidade Federal de Mato Grosso do Sul,Campus Cidade Universitária,Campo Grande ,petcomputacao@facom.ufms.br,,Ciências Exatas e da Terra,,2009,https://instagram.com/petcomputacaoufms,,,,, MS,
PET Estratégias para Diminuir a Retenção e a Evasão,Universidade Federal Dos Vales do Jequitinhonha e Mucuri,Campus JK - Diamantina,JK ,flaviana.tavares@ict.ufvjm.edu.br,site.ufvjm.edu.br/petestrategias/,Interdisciplinar,Retenção e Evasão,2009,https://instagram.com/petestrategias.ufvjm,https://www.facebook.com/petestrategias,,https://www.youtube.com/channel/UC-jEvLUGw5sw4FxvRXWDIsA,, MG,www.ufvjm.edu.br/
PET Matemática,Universidade Federal do Amazonas,Campus Manaus,Manaus ,petmatematica2018@gmail.com,pet-mat-ufam.blogspot.com/,Ciências Exatas e da Terra,,2012,https://instagram.com/pet.mat.ufam,https://www.facebook.com/people/PET-Matem%C3%A1tica-UFAM/100063983024413/,,https://www.youtube.com/channel/UCWYhtP72a9lXyB5A80NgaJw,https://www.instagram.com/pet.mat.ufam/, AM,
PET Participação e Controle Social em Saúde,Universidade Federal do Rio Grande do Sul,Campus Centro,Porto Alegre ,petconexoespcss@gmail.com,,Ciências da Saúde,Participação e Controle Social em Saúde,2010,https://instagram.com/petconexoesemsaude,https://www.facebook.com/petconexoesemsaude/,,https://www.youtube.com/channel/UCHUFznL27kT4WXLq1DlWS9w,, RS,
PET Conexões de Saberes Políticas Públicas de Juventude,Universidade Federal do Rio Grande do Sul,Campus Centro,Porto Alegre ,petconexoesppj@gmail.com,,Ciências Humanas,Políticas Públicas de Juventude e Ações Afirmativas,2010,https://instagram.com/petconexoesppj,https://www.facebook.com/petconexoesppj/,,,, RS,
PET Enfermagem,Pontifícia Universidade Católica de Campinas,Campus II,Campinas ,petenfermagem96@gmail.com,,Ciências da Saúde,,1996,https://instagram.com/petenfermagempuc,https://facebook.com/petenfermagempuc/,,https://www.youtube.com/channel/UC0u5xVAU272_taHdUjNETsA,, SP,www.puc-campinas.edu.br/prograd/pet-programa-de-educacao-tutorial/
PET Agronomia,Universidade Federal de Minas Gerais,Campus Montes Claros,Montes Claros ,agropetufmg@gmail.com,,Ciências Agrárias,,2001,https://instagram.com/petagronomiaufmg,,,,, MG,www.ica.ufmg.br/?pet=pet-agronomia
PET Bacharelado em Estatística,Universidade Federal de São Carlos,Campus São Carlos,São Carlos ,petestatufscar@gmail.com,petestatisticaufscar.wordpress.com/,Ciências Exatas e da Terra,,2006,https://instagram.com/petestat.ufscar,https://www.facebook.com/petestufscar,,,, SP,
PET Farmácia,Universidade Federal do Paraná,Campus Jardim Botânico,Jardim Botânico ,petfarmaciaufpr@gmail.com,petfarmacia.ufpr.br/,Ciências da Saúde,,1992,https://instagram.com/petfarmaciaufpr,https://facebook.com/grupopetfarmaciaufpr,,https://www.youtube.com/channel/UC3FziLcX4TB8WZkX1XoLC2Q,, PR,
PET Química,Universidade Federal do Ceará,Campus Pici,Fortaleza ,petquim.ufc@gmail.com,www.petquimica.ufc.br,Ciências Exatas e da Terra,,1988,https://instagram.com/petquimicaufc,https://www.facebook.com/PETQuimica,,https://youtube.com/channel/UCtIL87zuNz705kIHZ8TuDKA,, CE,
PET Ciências Biológicas,Universidade Estadual Paulista Júlio de Mesquita Filho,Campus Botucatu,Botucatu ,petcbb@gmail.com,www3.ibb.unesp.br/petcbb/,Ciências Biológicas,,2012,https://instagram.com/petcbb,https://www.facebook.com/petcbbunesp/,,https://www.youtube.com/channel/UCBpdKWJM8K5rV7f5xRnbreg,, SP,
PET Conexões de Saberes: Comunidades Indígenas,Universidade Federal do Acre,Campus Rio Branco,Rio Branco ,pet.conexind@ufac.br,www.petcomunidadesindigenasufac.org/,Interdisciplinar,Saberes indígenas - Saberes acadêmicos,2010,,https://facebook.com/petcomunidadesindigenasufac,,,, AC,
PET Computação,Universidade Federal do Rio Grande do Sul,Campus Vale,Porto Alegre ,pet@inf.ufrgs.br,www.inf.ufrgs.br/pet/projetos/,Ciências Exatas e da Terra,,1988,https://instagram.com/petcompufrgs,https://www.facebook.com/PETCompUFRGS,https://twitter.com/PetCompUfrgs,https://www.youtube.com/user/PetCompUfrgs,https://www.linkedin.com/company/petcompufrgs/, RS,www.inf.ufrgs.br/pet
PET Educação - Conexão de Saberes,Universidade Federal de Sergipe,Campus Itabaiana,Itabaiana ,pet_educacao@academico.ufs.br,peteduca.com.br/,Ciências Humanas,,2009,https://instagram.com/pet.educacao,https://www.facebook.com/petconexaosaberes,,https://www.youtube.com/channel/UCLpsR4snHC93M9P6lNPA0yQ,, SE,
PET Engenharia Química,Universidade Federal de Uberlândia,Campus Santa Mônica,Uberlândia ,ufupeteq@gmail.com,petequfu.com.br/,Engenharias,,1991,https://instagram.com/ufupeteq,https://www.facebook.com/PetEngenhariaQuimica,,https://www.youtube.com/channel/UCXpy-cYsMUSCCa1JHz8fflg,https://www.linkedin.com/in/ufupeteq/, MG,www.feq.ufu.br/unidades/pet/pet-do-curso-de-graduacao-em-engenharia-quimica
PET Física,Universidade Federal do Amazonas,Campus Manaus,Manaus ,petfisica@ufam.edu.br,pet-fisica-ufam.blogspot.com/,Ciências Exatas e da Terra,Física,1991,https://instagram.com/petfisicaufam,https://www.facebook.com/PETFisicaUFAM/,,https://www.youtube.com/channel/UCZ1bAOs1fzIukAe5F4HRr2w,, AM,
PET Química,Universidade Estadual de Ponta Grossa,Campus Ponta Grossa,Ponta Grossa ,petquimica@uepg.br,,Ciências Exatas e da Terra,,2007,https://instagram.com/petquimicauepg,https://facebook.com/PETQuimicaUEPG/,,https://www.youtube.com/channel/UC1CHw18l8R7W4q7yp_iH9Kw,https://linktr.ee/petquimicauepg, PR,www2.uepg.br/pet-quimica/
PET Conexões de Saberes Educomunicação,Universidade Federal de Uberlândia,Campus Santa Mônica,Uberlândia ,petcnxed@gmail.com,www.peteducom.com.br/,Ciências Humanas,EDUCOMUNICAÇÃO,2010,https://instagram.com/petcnxed,https://www.facebook.com/PetCnxEducomunicacao,,https://cenapet.org/grupos/219/PET%20Conex%C3%B5es%20de%20Saberes%20Educomunica%C3%A7%C3%A3o,, MG,
PET Pesquisa e Extensão em Espaços Sóciopedagógicos,Universidade Federal do Maranhão,Campus São Luís,São Luís ,e.petconexoes@gmail.com,,Interdisciplinar,,2010,https://instagram.com/petespufma,,,,, MA,
PET Conexões de Saberes: Cenários de Práticas e Estágios Curriculares Noturnos,Universidade Federal do Rio Grande do Sul,Campus Centro,Porto Alegre ,petsaudenoturno.ufrgs@gmail.com,,Ciências da Saúde,Cenários de Práticas e Estágios Curriculares Noturnos,2010,https://instagram.com/petsaudenoturno,https://www.facebook.com/Pet-Cen%C3%A1rios-de-Pr%C3%A1ticas-e-de-Est%C3%A1gios-Curriculares-Noturnos-UFRGS-1713390695558325/,,,https://linktr.ee/petsaudenoturno, RS,
PET Farmácia,Universidade Estadual Paulista Júlio de Mesquita Filho,Campus Araraquara,Araraquara ,farmaciapet.unesp@gmail.com,,Ciências da Saúde,,1994,https://instagram.com/petfarmaciaunesp,https://www.facebook.com/petfarmaciaunesp,,https://www.youtube.com/channel/UCdtxJUvMetFYKaVm5kmNOBg,, SP,www2.fcfar.unesp.br/#!/graduacao/grupos-pets/
"PET Ciência, Tecnologia e Inovação",Fundação Universidade Federal do Abc,Campus Santo André,Santo André ,contato.pet.cti.ufabc@gmail.com,,Interdisciplinar,,2010,https://instagram.com/pet.cti.ufabc,https://www.facebook.com/pet.cti.ufabc/,,https://www.youtube.com/c/PETCTIUFABC,https://www.linkedin.com/company/pet-cti-ufabc/, SP,prograd.ufabc.edu.br/pet
PET Geografia,Universidade Estadual Paulista Júlio de Mesquita Filho,Campus Rio Claro,Rio Claro ,petgeorc@gmail.com,,Ciências Humanas,,1994,https://instagram.com/petgeografiarc,https://www.facebook.com/petgeografia,,https://www.youtube.com/channel/UCKgxmz9OxK6jTZl1ZkCc24w,, SP,
PET Engenharia Civil,Universidade Federal do Rio Grande,Campus Carreiros,Carreiros ,petcivil.furg@gmail.com,petcivil.furg.br/,Engenharias,,1994,https://instagram.com/petcivilfurg,https://www.facebook.com/petcivilfurg/,,https://www.youtube.com/channel/UC4BF7JvRdm2VaCt1Zhos9_A,, RS,ee.furg.br/23-uncategorized/44-pet-civil
PET Agronomia,Universidade Federal do Amazonas,Campus Manaus,Manaus ,petagronomia@ufam.edu.br,,Ciências Agrárias,,2012,https://instagram.com/petagronomia.ufam,,,https://www.youtube.com/channel/UCdCYKSLG9itP_mM5NqC2Vkw,, AM,
PET Intervenção Socioambiental em Uruçuí-Una,Universidade Federal do Piauí,Campus Bom Jesus,Bom Jesus ,pet5bj@gmail.com,urucuiuna.blogspot.com/,Interdisciplinar,,2010,https://instagram.com/pet5bj,https://facebook.com/pet5bj/,,https://www.youtube.com/channel/UCfMUBg4cCQrtUUz6FjBQEsw,, PI,
PET Música,Universidade Estadual Paulista Júlio de Mesquita Filho,Campus São Paulo,São Paulo ,petmusica.ia@unesp.br,petmusica.wordpress.com,"Linguística, Letras e Arte",,1996,https://instagram.com/petmusicaunesp,https://www.facebook.com/petmusica,,https://www.youtube.com/user/petmusica,, SP,www.ia.unesp.br/#!/ensino/graduacao/grupos-pets/
PET Agronomia,Universidade Estadual Paulista Júlio de Mesquita Filho,Campus Botucatu,Botucatu ,agronomiapet@gmail.com,sites.google.com/view/pet-agronomia-unesp-botucatutu/p%C3%A1gina-inicial,Ciências Agrárias,,1995,https://instagram.com/petagrobotucatu,https://www.facebook.com/fcapetagronomia,,,, SP,www.fca.unesp.br/#!/petagronomia
PET Geografia,Universidade do Estado do Rio de Janeiro,Campus Maracanã - Francisco Negrão de Lima,Rio de Janeiro ,petuerjgeografia@gmail.com,petgeografiauerj.wixsite.com/petgeografiauerj,Ciências Humanas,,1991,https://instagram.com/petgeouerj,https://www.facebook.com/watch/PetGeoUerj/,,https://www.youtube.com/channel/UC4pF5m8oxaWrwnQZDZiWF7w,, RJ,sites.google.com/site/petsr1uerj/geografia
PET Geografia,Universidade Federal do Acre,Campus Rio Branco,Rio Branco ,pet.geografia@ufac.br,petgeoufac.com/,Ciências Humanas,,2009,https://instagram.com/petgeografia2019ufac,https://www.facebook.com/paginapetgeoufac,https://twitter.com/petgeoufac,https://www.youtube.com/channel/UCiyGqdjtlG3Yikcfte8Bulg,, AC,
PET Geologia,Universidade Federal de Mato Grosso,Campus Cuiabá,Cuiabá ,pet.geologia@ufmt.br,petgeologiaufmt.com,Ciências Exatas e da Terra,,1995,https://instagram.com/petgeologiaufmt,https://www.facebook.com/petgeologiaufmt/,,,, MT,www.ufmt.br/unidade/fageo/pagina/pet-geologia/3547
PET Geologia,Universidade Federal do Amazonas,Campus Manaus,Manaus ,petgeologia@ufam.edu.br,petgeologiaufam.com,Ciências Exatas e da Terra,,2012,https://instagram.com/petgeologiaufam,https://www.facebook.com/petgeologiaufam,,https://www.youtube.com/channel/UCn_B3Y62ZCxMS80Ws-wbdtw,, AM,
PET Serviço Social,Universidade do Estado do Rio de Janeiro,Campus Maracanã - Francisco Negrão de Lima,Rio de Janeiro ,petservicosocial.uerj@gmail.com,,Ciências Sociais Aplicadas,,2006,https://instagram.com/petservicosocial.uerj,https://www.facebook.com/petservicosocialuerj/,,https://www.youtube.com/watch?v=7ulXSrqnlg4,, RJ,
PET Física,Universidade de Brasília,Campus Darcy Ribeiro,Darcy Ribeiro ,petfisicaunb@gmail.com,www.pet.if.unb.br/,Ciências Exatas e da Terra,,2009,https://instagram.com/fisicapet,https://www.facebook.com/PETFisicaUnB/,https://twitter.com/PETFisicaUnB,https://www.youtube.com/channel/UCCt5JqYPctoMxXhW0xoJShw,https://open.spotify.com/show/4NvsQ7J3cRxQvFjnF9bJCn, DF,
PET Engenharia de Alimentos,Universidade Federal do Rio Grande do Sul,Campus Vale,Porto Alegre ,petengenhariadealimentosufrgs@gmail.com,,Engenharias,,2010,https://instagram.com/petufrgsalimentos,https://www.facebook.com/petealimentos,,https://www.youtube.com/channel/UCdPu_MQgyubQGTEkBtQYgIA,, RS,www.ufrgs.br/icta/index.php/graduacao/pet/
PET Biotecnologia,Universidade Federal do Agreste de Pernambuco,Campus Garanhuns (UAG),Garanhuns ,petbiotecnologia@ufape.edu.br,petbiotec1.wixsite.com/petbiotec,Ciências Agrárias,Biotecnologia,2010,https://instagram.com/petbiotecufape,https://www.facebook.com/petbiotecnologiaufape/,,,, PE,
GET Engenharia Mecânica,Universidade Federal de Juiz de Fora,Campus Juiz de Fora,Juiz de Fora ,get.mecanica@engenharia.ufjf.br,,Engenharias,,2018,https://instagram.com/getmecufjf,https://facebook.com/GETMecUFJF/,,https://bit.ly/YoutubeGETMecUFJF,https://www.linkedin.com/company/getmecanicaufjf/?viewAsMember=true, MG,
PET Engenharia de Pesca,Universidade Federal Rural de Pernambuco,Campus Serra Talhada,Serra Talhada ,petpescauast@ufrpe.br,petpescauast.wordpress.com/,Ciências Agrárias,,2012,https://instagram.com/petpescauast,https://www.facebook.com/PETpesca,,https://www.youtube.com/channel/UCjzgr72YHd92uaKW2QTVghA,, PE,www.preg.ufrpe.br/br/grupos-pet
PET Física,Universidade Estadual de Londrina,Campus Londrina,Londrina ,petfisica@uel.br,,Ciências Exatas e da Terra,,1991,https://instagram.com/petfisicauel,https://facebook.com/uel.petfisica/,,https://www.youtube.com/channel/UCIYogtmqDhbBLyJhr-wThpQ,https://www.instagram.com/petfisicauel/, PR,
PET Agro,Universidade Estadual Paulista Júlio de Mesquita Filho,Campus Registro,Registro ,petagroregistro@hotmail.com,,Ciências Agrárias,,2012,https://instagram.com/petagroregistro,https://www.facebook.com/petagroregistro,,https://www.youtube.com/channel/UCKUBlPW_AizEftY5fuiQVRg,, SP,www.registro.unesp.br/#!/ensino/graduacao/grupo-pet/
PET Saúde da Criança,Universidade Federal de São Paulo,Campus Baixada Santista,Baixada Santista ,petsaudedacrianca2011@gmail.com,,Ciências da Saúde,Saúde da Criança,2011,https://instagram.com/petsaudecrianca,https://www.facebook.com/petsaudedacrianca/,,,, SP,
PET Bacharelado em Engenharia Elétrica,Fundação Universidade Federal do Tocantins,Campus Palmas,Palmas ,petengenhariaeletricauft@mail.uft.edu.br,,Engenharias,,2010,https://instagram.com/peteletricauft,https://www.facebook.com/peteletricauft,,https://www.youtube.com/channel/UCTRSediIylh02LDiVU-nqYw,, TO,ww2.uft.edu.br/index.php/prograd/programas-especiais-em-educacao/pet
PET Enfermagem,Universidade Federal de Santa Maria,Campus Santa Maria,Santa Maria ,petenfermagemufsm2013@gmail.com,,Ciências da Saúde,,2007,https://instagram.com/petenfermagemufsm,https://www.facebook.com/petenf.ufsm,,https://www.youtube.com/channel/UCSS8DSiplzy7rfVRPIlajQQ,, RS,www.ufsm.br/pet/enfermagem/
"PET Ciência, Tecnologia & Cidadania",Fundação Universidade Federal do Pampa,Campus Alegrete,Alegrete ,petctcunipampa@gmail.com,,Engenharias,,2013,https://instagram.com/petctcengenharias,https://www.facebook.com/PET-CTC-Engenharias-Unipampa-Alegrete-454543104640193/,,https://youtube.com/channel/UCF5EVeMNPWnd1iUnTU4dK7A,, RS,
PET Engenharia Civil,Universidade Estadual de Maringá,Campus Sede,Maringá ,petciviluem@gmail.com,petciviluem.com/,Engenharias,,2012,https://instagram.com/petciviluem,https://www.facebook.com/petciviluem,,https://www.youtube.com/channel/UCpM_aNC9iIWbCiYQxYrvBuA,https://www.linkedin.com/company/petciviluem, PR,
PET Matemática,Universidade de Brasília,Campus Darcy Ribeiro,Darcy Ribeiro ,p3tmatunb@gmail.com,pet.mat.unb.br/,Ciências Exatas e da Terra,Matemática,1995,https://instagram.com/petmatunb,https://www.facebook.com/PETMATUNB/,,https://www.youtube.com/petmatematicaunb,https://linktr.ee/PETMAT_UnB, DF,www.mat.unb.br/pagina/graduacao-bolsas-pet
PET Zootecnia,Universidade Estadual de Londrina,Campus Londrina,Londrina ,petuelzootecnia@gmail.com,,Ciências Agrárias,Pet Zootecnia,2011,https://instagram.com/petzootecniauel,https://www.facebook.com/PET-Zootecnia-UEL-341431985896246/,,https://www.youtube.com/channel/UCq-YexpIIQuJhj_21ifraIA/featured,, PR,www.uel.br/pet/zootecnia/
PET Farmácia,Universidade Federal de Ouro Preto,Campus Ouro Preto,Ouro Preto ,pet-farmacia.ef@ufop.edu.br,petfarmacia.ufop.br/,Ciências da Saúde,,1992,https://instagram.com/petfarmaciaufop,https://www.facebook.com/PETFarmaciaUFOP,,https://www.youtube.com/channel/UC-FU1-GtUwc2pZa5pfgnpNg,, MG,
PET Educação Física,Universidade Federal de Mato Grosso,Campus Cuiabá,Cuiabá ,petufmtfef@gmail.com,,Ciências da Saúde,Desenvolvimento de programas de exercícios físicos para saúde,2006,https://instagram.com/pet_educacao_fisica,,,,, MT,
PET Agronomia,Universidade Estadual do Oeste do Paraná,Campus Cascavel,Cascavel ,petagronomiaunioeste2017@gmail.com,,Ciências Agrárias,Desenvolvimento rural sustentável,2010,https://instagram.com/petagronomiaunioeste,,,https://youtube.com/channel/UCG-wgT6ReXdwQDMieGbKhrQ,, PR,
PET Computação,Universidade de São Paulo,Campus São Carlos,São Carlos ,petcomp@icmc.usp.br,pet.icmc.usp.br/,Ciências Exatas e da Terra,,1995,https://instagram.com/petcomputacaousp,https://www.facebook.com/petcompusp,https://twitter.com/PETComp_USP,https://www.youtube.com/c/PETComputa%C3%A7%C3%A3oUSP,https://www.linkedin.com/company/petcompusp/, SP,prg.usp.br/programa-de-educacao-tutorial-pet/grupos-pet-19-computacao/
PET Práticas de Letramento,Universidade Federal Rural de Pernambuco,Campus Dois Irmãos,Recife ,petletramento@gmail.com,,Interdisciplinar,,2010,https://instagram.com/petletramentoufrpe,https://www.facebook.com/petletramentorural,,https://www.youtube.com/channel/UCJZ05bGGA3GvsdZVN13G7wg,https://simposiolecid.blogspot.com/, PE,
PET Letras,Universidade Federal de Campina Grande,Campus Campina Grande,Campina Grande ,petletrasufcg@gmail.com,petletrasufcg.wixsite.com/pet-letras,"Linguística, Letras e Arte","Identidade, Alteridade e Integração",1992,https://instagram.com/petletrasufcg,https://www.facebook.com/petletrasufcg/,https://twitter.com/petletrasufcg,https://www.youtube.com/user/PETLetrasUFCG,, PB,
PET Informática,Universidade Estadual de Maringá,Campus Sede,Maringá ,pet@din.uem.br,www.din.uem.br/pet/,Ciências Exatas e da Terra,,1991,https://instagram.com/petinfouem,https://www.facebook.com/petInformaticauem/,,https://www.youtube.com/c/PETInform%C3%A1ticaUEM,, PR,
PET Educação Física,Universidade Federal de Santa Maria,Campus Santa Maria,Santa Maria ,petedfufsm@gmail.com,,Interdisciplinar,,2010,https://instagram.com/peteducacaofisicaufsm,,https://twitter.com/PetEdFisicaUFSM,https://www.youtube.com/channel/UCNIdPDC9qND8h2U-wvIfQXQ,, RS,www.ufsm.br/pet/educacao-fisica/
PET Medicina Veterinária,Universidade Federal de Lavras,Campus Lavras,Lavras ,petmvufla@gmail.com,,Ciências Agrárias,,2013,https://instagram.com/petmvufla,https://www.facebook.com/petveterinariaufla/,,https://www.youtube.com/channel/UCGeq_sF5SG7rdWTD3uAwZsA,, MG,dmv.ufla.br/pet/home
PET Química,Universidade Federal do Rio Grande do Norte,Campus Central,Natal ,petquimicaufrn1@gmail.com,petquimicaufrn1.wixsite.com/petquimicaufrn/sobrenos,Ciências Exatas e da Terra,"Pesquisa, ensino e extensão dentro da área de Química.",1988,https://instagram.com/petquimica.ufrn,https://www.facebook.com/pg/petquimicaufrn,,https://www.youtube.com/channel/UCgsaty5inU90XRQ9t90qcjA,, RN,
PET Educação Física,Universidade Estadual de Maringá,Campus Sede,Maringá ,petdefuem@gmail.com,,Ciências da Saúde,Educação Física,1991,https://instagram.com/peteducauem,https://facebook.com/petedfisicauem,,https://youtube.com/channel/UC4grzuvSHsdNjganhcq_Mxw,, PR,
Pet Engenharia Florestal,Universidade Tecnológica Federal do Paraná,Campus Dois Vizinhos,Dois Vizinhos ,petflorestal.utfprdv@gmail.com,www.petflorestalutfpr.com.br/,Ciências Agrárias,,2010,https://instagram.com/pet_florestal,,,https://www.youtube.com/channel/UCuAVaBtdrBbMio0nKvGq5rw,, PR,
PET Engenharia Elétrica,Universidade Federal de Santa Maria,Campus Santa Maria,Santa Maria ,petee.dados@gmail.com,www.notion.so/petee/SITE-PET-Engenharia-El-trica-UFSM-680b3baafe9e4181875dd32179e41820,Engenharias,,1995,https://instagram.com/petengenhariaeletrica,https://www.facebook.com/peteeufsm/,,https://www.youtube.com/channel/UCBEYpCQ4ruNVIHnAUV5Gmug,, RS,www.ufsm.br/pro-reitorias/prograd/pet/grupos-na-ufsm
PET Zootecnia,Fundação Universidade Federal do Tocantins,Campus Araguaína,Araguaína ,petzootecnia@uft.edu.br,,Ciências Agrárias,,2013,https://instagram.com/petzootecniaufnt,,https://twitter.com/petzootecniauft,https://www.youtube.com/channel/UCUzHcTxm2A_MO0W5Aw820mw/videos,, TO,
PET Educação Física - Biomecânica,Universidade Federal do Vale do São Francisco,Campus Sede - Petrolina,Petrolina ,pbe.univasf@gmail.com,,Ciências da Saúde,Biomecânica e Prática Baseada em Evidências,2010,https://instagram.com/pbe.univasf,https://www.facebook.com/PetBiomecanica,,https://www.youtube.com/channel/UCrIM15Sp2XzJ4Nw2IxiE2zw,, PE,portais.univasf.edu.br/proen/departamentos/diretoria-de-programas-especiais-de-graduacao/programa-de-educacao-tutorial-pet
PET Ciências Agrárias,Universidade Federal de Santa Maria,Campus Frederico Westphalen,Frederico Westphalen ,petagronomiafw@ufsm.br,,Ciências Agrárias,,2010,https://instagram.com/petcienciasagrarias,https://www.facebook.com/AgronomiaPET/,,https://youtube.com/channel/UCjkN8bs_IkYjoGsXSl1cOfg,, RS,
PET Ciências Biologicas,Universidade Estadual Paulista Júlio de Mesquita Filho,Campus Rio Claro,Rio Claro ,petbioloriarioclaro@gmail.com,petbiologiarc.wixsite.com/unesp,Ciências Biológicas,,2009,https://instagram.com/petbiologiarioclaro,,,https://www.youtube.com/c/PETBiologiaRC,, SP,
PET Psicologia,Universidade Estadual Paulista Júlio de Mesquita Filho,Campus Assis,Assis ,petpsicologia.assis@gmail.com,,Ciências Humanas,,2012,https://instagram.com/petpsicologia_,https://www.facebook.com/PET.Psicologia,,https://www.youtube.com/c/PETPsicologiaUNESPAssis,, SP,www.assis.unesp.br/#!/departamentos/psicologia/psicologia-social-e-educacional/pet-psicologia/
PET Economia,Fundação Universidade Federal do Tocantins,Campus Palmas,Palmas ,peteconomia@uft.edu.br,,Ciências Sociais Aplicadas,Economia Regional,2009,https://instagram.com/peteconomiauft,,,,, TO,ww2.uft.edu.br/pet-economia/
PET Comunidades Urbanas - Conexões de Saberes,"Instituto Federal de Educação, Ciência e Tecnologia do Rio Grande do Norte",Campus Natal - Central,Natal ,comunidadesurbanaspet@gmail.com,,Interdisciplinar,Comunidades Urbanas,2010,https://instagram.com/peturbanasufrn,https://www.facebook.com/PetComunidadesUrbanasUFRN,,,, RN,
PET Física,Universidade Federal de Santa Maria,Campus Santa Maria,Santa Maria ,petfisica@ufsm.br,www.ufsm.br/pet/fisica/,Ciências Exatas e da Terra,,1992,https://instagram.com/petfisicaufsm,https://cenapet.org/grupos/273/facebook.com/petfisicaufsm,https://twitter.com/petfisicaufsm,https://www.youtube.com/channel/UCA81uWltMtz8zFGY8_9-eZg,, RS,www.ufsm.br/pro-reitorias/prograd/pet
PET Engenharia Civil,Universidade Federal de Santa Maria,Campus Santa Maria,Santa Maria ,petcivil@ufsm.br,,Engenharias,,2013,https://instagram.com/petcivilufsm,https://www.facebook.com/petcivilufsm,,https://www.youtube.com/channel/UC3YPNkfq62dJw9qS53LilDw,, RS,www.ufsm.br/cursos/graduacao/santa-maria/engenharia-civil/pet-engenharia-civil/
PET Biologia,Universidade Federal de Santa Maria,Campus Santa Maria,Santa Maria ,petbioufsm@gmail.com,sites.google.com/site/petbioufsmrs/home,Ciências Biológicas,,1992,https://instagram.com/petbioufsm,https://www.facebook.com/petbiologiaufsm,,https://www.youtube.com/channel/UCJFPZFADlqlnaXQAfDNKS-A,https://linktr.ee/PetBioUFSM, RS,
PET Comunicação Social,Universidade Federal de Santa Maria,Campus Santa Maria,Santa Maria ,petcomunicacaosocial@ufsm.br,www.ufsm.br/pet/comunicacao-social/,Ciências Sociais Aplicadas,"Ensino, Pesquisa e Extensão",1992,https://instagram.com/petcomufsm,https://www.facebook.com/petcomufsm,,https://www.youtube.com/channel/UCPBAu6b8gE3c8H2qVb-b5cg,https://www.linkedin.com/in/pet-comunica%C3%A7%C3%A3o-social-47bb20220/, RS,www.ufsm.br/pet/comunicacao-social/
PET Geografia,Universidade Federal de Uberlândia,Campus Pontal,Ituiutaba ,petgeo.facip@gmail.com,petgeofacip.blogspot.com/,Ciências Humanas,Ações Afirmativas,2009,https://instagram.com/petgeografia,,,,, MG,www.ich.ufu.br/unidades/pet/pet-geografia
PET Conexões Ciência da Computação,"Instituto Federal de Educação, Ciência e Tecnologia do Sudeste de Minas Gerais",Campus Rio Pomba,Rio Pomba ,pet.computacao@ifsudestemg.edu.br,sistemas.riopomba.ifsudestemg.edu.br/gpca/,Ciências Exatas e da Terra,,2010,,https://www.facebook.com/gpca.if/,,,, MG,
PET Conexões de Saberes Ciências da Natureza e Matemática,Universidade Federal do Triângulo Mineiro,Campus Uberaba,Uberaba ,petconexoescnm@gmail.com,,Interdisciplinar,Educação e Formação de Professores,2009,https://instagram.com/pet_cnm,https://www.facebook.com/pet.cnm.ciencias.da.natureza.e.matematica.4,,,, MG,
PET Bacharelado Interdisciplinar em Ciência e Economia,Universidade Federal de Alfenas,Campus Varginha,Varginha ,pet.bice@unifal-mg.edu.br,petbiceunifal2017.wixsite.com/petbice,Ciências Sociais Aplicadas,,2010,https://instagram.com/petbiceunifalmg,https://www.facebook.com/petbice,,https://www.youtube.com/channel/UCG4mtF0zAGhDKQRAfz2zgcw,, MG,
"PET Conexões de Saberes: Inclusão, Diversidade e Protagonismo",Universidade Federal de Mato Grosso,Campus Cuiabá,Cuiabá ,petconexoesufmtcba@gmail.com,,Interdisciplinar,"Inclusão, Diversidade e Protagonismo",2010,https://instagram.com/pet_inclusao.diversidad.protag,,,,, MT,www.ufmt.br/pro-reitoria/proeg/pagina/coordenacao-de-formacao-docentecfd/1432
PET Educação Física e Lazer,Universidade Federal de Minas Gerais,Campus Pampulha,Pampulha ,pet.efelazer@gmail.com,,Ciências da Saúde,Lazer,2003,https://instagram.com/petefelazer.ufmg,https://cenapet.org/grupos/282/facebook.com/petefelazer/,,https://youtube.com/user/petlazer,, MG,
PET Engenharia de Alimentos,Universidade Federal do Rio Grande,Campus Carreiros,Carreiros ,grupopeteafurg@gmail.com,,Ciências Agrárias,,2012,https://instagram.com/peteafurg,https://www.facebook.com/peteafurg/,,https://www.youtube.com/channel/UCWrdABFyxsOneEsk81nIYdA,https://www.linkedin.com/company/peteafurg/mycompany/?viewAsMember=true, RS,
PET Matemática,Universidade Federal de Uberlândia,Campus Santa Mônica,Uberlândia ,petmat.famat@gmail.com,,Ciências Exatas e da Terra,,1992,https://instagram.com/petmatufu,https://www.facebook.com/petmatematicaufu,,https://www.youtube.com/c/PETMatem%C3%A1ticaUFU,, MG,www.pet.famat.ufu.br/
PET Solos: agregando saberes,Universidade Estadual de Santa Cruz,Campus Câmpus Soane Nazaré de Andrade,Câmpus Soane Nazaré de Andrade ,petsolos@uesc.br,www.petsolosuesc.com/,Ciências Exatas e da Terra,Solos,2009,https://instagram.com/petsolos.uesc,https://cenapet.org/grupos/286/facebook.com/petsolosuesc/,,https://www.youtube.com/channel/UCQKBcJwUEIBPU6c22ZrIgtA/featured,, BA,www.uesc.br/projetos/petsolos/index.php?item=conteudo_projetos.php
PET Enfermagem,Universidade Federal do Triângulo Mineiro,Campus Uberaba,Uberaba ,uftmpetenfermagem@gmail.com,,Ciências da Saúde,Políticas Públicas de Saúde,2006,,https://cenapet.org/grupos/287/facebook.com/PetEnfermagemUftm/,,https://www.youtube.com/channel/UC7Wv3SKxzoUNaEJsPdhYxRw,, MG,
PET Design,"Instituto Federal de Educação, Ciência e Tecnologia de Santa Catarina",Campus Florianópolis,Florianópolis ,petdesign.fln@ifsc.edu.br%E2%80%8B,sites.florianopolis.ifsc.edu.br/petdesign/,Ciências Sociais Aplicadas,,2006,https://instagram.com/petdesignifsc,https://www.facebook.com/DesignIFSCPET,,https://www.youtube.com/channel/UCxbY2khND_3tmMZNuP6ddog,, SC,
PET Economia Solidária,Universidade Federal de São Carlos,Campus São Carlos,São Carlos ,pet.ufscar@ufscar.br,,Interdisciplinar,,2010,https://instagram.com/pet_ecosol,https://www.facebook.com/PETEcosol,,,, SP,www.numiecosol.ufscar.br/ensino/pet
PET Indígena - Ações em Saúde,Universidade Federal de São Carlos,Campus São Carlos,São Carlos ,petindsaude@ufscar.br,petindiufscar.wixsite.com/petindigenaufscar,Ciências da Saúde,Saúde Indígena,2010,https://instagram.com/petsaudeindigenaufscar,https://cenapet.org/grupos/290/facebook.com/petsaudeindigenaufscar/,,https://www.youtube.com/channel/UCaP1o08seirYG59q18hrMXw,, SP,www.conexoes.ufscar.br/pet-conexoes-indigena-acoes-em-saude.html
PET-Letras,Universidade Federal do Triângulo Mineiro,Campus Uberaba,Uberaba ,petletrasuftm.uberaba@gmail.com,www.petletrasuftm.com.br/,"Linguística, Letras e Arte",,2007,https://instagram.com/petletrasuftm,,,,, MG,www.uftm.edu.br/editais-institucionais/programa-de-educacao-tutorial-pet
PET Práxis,Universidade Federal da Fronteira Sul,Campus Erechim,Erechim ,petpraxiserechim@gmail.com,petconexoesdesaberes-uffs.blogspot.com/,Interdisciplinar,Educação popular,2010,https://instagram.com/petpraxisuffs,https://www.facebook.com/GrupoPraxisPETConexoesdeSaberes,,https://www.youtube.com/channel/UCyfscokCTeKkCYUv3rpxmMA?view_as=subscriber,, SC,www.uffs.edu.br/institucional/pro-reitorias/graduacao/programas/pet/pet-apresentacao
PET Engenharia Ambiental,Universidade Federal do Ceará,Campus Pici,Fortaleza ,petambiental@ufc.br,petengambufc.wordpress.com/,Engenharias,Ambiental,2010,https://instagram.com/petambientalufc_,,,,, CE,prograd.ufc.br/pt/cursos-de-graduacao/engenharia-ambiental-fortaleza/
PET Música em Etnografia,Universidade de Brasília,Campus Darcy Ribeiro,Darcy Ribeiro ,petmusica@unb.br,petmusica.unb.br/,"Linguística, Letras e Arte",,2011,https://instagram.com/petmusicaunb,,https://twitter.com/@petmusicaunb,,, DF,petmusica.unb.br/
PET Agroflorestal,Universidade Federal de Mato Grosso do Sul,Campus Chapadão do Sul,Chapadão do Sul ,petagroflorestal@hotmail.com,,Ciências Agrárias,,2010,https://instagram.com/pet_cpcs,,,https://www.youtube.com/channel/UCYmgQ1kx7CWZ8crL0n0WrWw,, MS,
PET Biologia,Universidade Federal Dos Vales do Jequitinhonha e Mucuri,Campus JK - Diamantina,JK ,ricbarata@hotmail.com,,Ciências Biológicas,Ciências Biológicas,2010,,,,https://www.youtube.com/channel/UClBStY4P0doIFHZPcf7VrFg,, MG,ufvjm.edu.br/prograd/pet-programa-de-educacao-tutorial.html
PET Engenharia Elétrica,Universidade Estadual Paulista Júlio de Mesquita Filho,Campus Ilha Solteira,Ilha Solteira ,peteletricailh@gmail.com,pet-ee.wixsite.com/peteletrica,Engenharias,,2012,https://instagram.com/peteletricailha,https://www.facebook.com/peteletricailha,,https://www.youtube.com/channel/UC8Irwo0fFPRMIQGspwtmBcw,https://www.linkedin.com/company/pet-engenharia-el%C3%A9trica-ilha-solteira, SP,www.feis.unesp.br/#!/departamentos/engenharia-eletrica/pesquisas-e-projetos/pet/fale-conosco/
PET Geografia,Universidade Estadual de Londrina,Campus Londrina,Londrina ,geografia.petuel@gmail.com,geografiapetuel.wixsite.com/website,Ciências Humanas,,1994,https://instagram.com/petgeouel,https://www.facebook.com/petgeouel/,,https://www.youtube.com/channel/UChTwJ6tiF-rnJAI4PlX-Apw,, PR,www.uel.br/prograd/?content=pet/index_entrada.html
"PET Conexões de Saberes Tecnologias Sociais, Trabalho e Desenvolvimento Social Regional",Universidade Federal de Alfenas,Campus Poços de Caldas,Poços de Caldas ,petsaberespcaldas@unifal-mg.edu.br,petconexoespcaldas.wixsite.com/conexoesdesaberes,Interdisciplinar,Tecnologias Sociais,2010,https://instagram.com/petsaberes,https://www.facebook.com/pet.conexoes.unifal/,,https://www.youtube.com/channel/UC__wnjnP2o_6x1KTTxyk_ag,, MG,www.unifal-mg.edu.br/graduacao/pet/
PET Matemática (Licenciatura),Universidade Federal de Goiás,Campus Samambaia,Goiânia ,petmat.ufg@gmail.com,,Ciências Exatas e da Terra,,2007,https://instagram.com/petmatufg,,,,, GO,www.ime.ufg.br/p/37710-programa-de-educacao-tutorial-da-matematica-petmat
PET Enfermagem,Universidade Federal de Goiás,Campus Colemar Natal e Silva,Goiânia ,pet.fen.ufg@gmail.com,,Ciências da Saúde,ENFERMAGEM,1996,https://instagram.com/petenfermagemufg,,,https://www.youtube.com/channel/UCP2mGJ174syLk5gzrbjmMIA,, GO,www.fen.ufg.br/p/18207-pet-fen-apresentacao
PET Nutrição,Universidade Federal de Goiás,Campus Colemar Natal e Silva,Goiânia ,petnutufg@gmail.com,petnutufg.blogspot.com/,Ciências da Saúde,,2007,https://instagram.com/petnutufg,,,https://www.youtube.com/channel/UCJnJ3BsXTcgdBjIRP2o6zHw,, GO,fanut.ufg.br/p/30472-petnut-programa-de-educacao-tutorial
PET Fitoterapia,Universidade Federal de Campina Grande,Campus Campina Grande,Campina Grande ,petfitoterapia17@gmail.com,www.ufcg.edu.br/petfitoterapia,Ciências da Saúde,Fitoterapia,2011,https://instagram.com/_petfitoterapia,https://cenapet.org/grupos/307/facebook.com/PetFitoterapia/,,https://www.youtube.com/channel/UCtYsRzN3PGlDD_iMRpD9ROw,, PB,www.ufcg.edu.br/petfitoterapia
